<?xml version='1.0' encoding='UTF-8'?>
<shortcuts>
	<shortcut>
		<defaultID />
		<label>Movies</label>
		<label2>Custom item</label2>
		<icon>DefaultShortcut.png</icon>
		<thumb />
		<action>ActivateWindow(Programs,"plugin://plugin.program.super.favourites/?label=Movies+Collections&amp;mode=400&amp;path=special%3A%2F%2Fprofile%2Faddon_data%2Fplugin.program.super.favourites%2FSuper+Favourites%5CBuild+Menus%5CCollections%5CMovies+Collections&amp;image=http%3A%2F%2Fwww.bleedingcool.com%2Fwp-content%2Fuploads%2F2011%2F05%2Fstar-wars-4-to-6.jpg&amp;fanart=http%3A%2F%2Fi65.tinypic.com%2F2qi0kec.jpg&amp;content_type=",return)</action>
	</shortcut>
	<shortcut>
		<defaultID />
		<label>TV Shows</label>
		<label2>Custom item</label2>
		<icon>DefaultShortcut.png</icon>
		<thumb />
		<action>ActivateWindow(Programs,"plugin://plugin.program.super.favourites/?label=TV+Shows+Collections&amp;mode=400&amp;path=special%3A%2F%2Fprofile%2Faddon_data%2Fplugin.program.super.favourites%2FSuper+Favourites%5CBuild+Menus%5CCollections%5CTV+Shows+Collections&amp;image=http%3A%2F%2Fbrettusbuilds.com%2F.WHITE%2520DEVIL%2Fwhite.devil.repo%2Ffiles%2Fplugin.video.bretts.retro.tv%2Ficon.png&amp;fanart=special%3A%2F%2Fhome%2Faddons%5Cplugin.video.white.devil%5Cfanart.jpg&amp;content_type=",return)</action>
	</shortcut>
	<shortcut>
		<defaultID />
		<label>Arrakis</label>
		<label2>Custom item</label2>
		<icon>DefaultShortcut.png</icon>
		<thumb />
		<action>ActivateWindow(Videos,"plugin://plugin.video.arrakis",return)</action>
	</shortcut>
	<shortcut>
		<defaultID />
		<label>Elysium Lite</label>
		<label2>Custom item</label2>
		<icon>DefaultShortcut.png</icon>
		<thumb />
		<action>ActivateWindow(Videos,"plugin://plugin.video.elysiumlite/?mode=get_list&amp;url=file%3A%2F%2Fshared+lists%2Fcollections-nl.xml&amp;name=Movie+Collections&amp;iconimage=C%3A%5CUsers%5CALSystems%5CDesktop%5CKodi173%5Cportable_data%5Caddons%5Cplugin.video.elysiumlite%5Cicon.png&amp;fanart=C%3A%5CUsers%5CALSystems%5CDesktop%5CKodi173%5Cportable_data%5Caddons%5Cplugin.video.elysiumlite%5Cfanart.jpg&amp;description=No+information+available",return)</action>
	</shortcut>
	<shortcut>
		<defaultID />
		<label>Neptune Rising 1</label>
		<label2>Custom item</label2>
		<icon>DefaultShortcut.png</icon>
		<thumb />
		<action>ActivateWindow(Videos,"plugin://plugin.video.neptune/?action=imdbLists",return)</action>
	</shortcut>
	<shortcut>
		<defaultID />
		<label>Neptune Rising 2</label>
		<label2>Custom item</label2>
		<icon>DefaultShortcut.png</icon>
		<thumb />
		<action>ActivateWindow(Videos,"plugin://plugin.video.neptune/?action=critterLists",return)</action>
	</shortcut>
	<shortcut>
		<defaultID />
		<label>Uranus</label>
		<label2>Custom item</label2>
		<icon>DefaultShortcut.png</icon>
		<thumb />
		<action>ActivateWindow(Videos,"plugin://plugin.video.uranus/?action=collectionsMovies",return)</action>
	</shortcut>
	<shortcut>
		<defaultID />
		<label>Copy &amp; Paste</label>
		<label2>Custom item</label2>
		<icon>DefaultShortcut.png</icon>
		<thumb />
		<action>ActivateWindow(Videos,"plugin://plugin.video.copyandpaste",return)</action>
	</shortcut>
	<shortcut>
		<defaultID />
		<label>Overwatch</label>
		<label2>Custom item</label2>
		<icon>DefaultShortcut.png</icon>
		<thumb />
		<action>ActivateWindow(Videos,"plugin://plugin.video.overwatch",return)</action>
		<disabled>True</disabled>
	</shortcut>
	<shortcut>
		<defaultID />
		<label>Juggernaut</label>
		<label2>Custom item</label2>
		<icon>DefaultShortcut.png</icon>
		<thumb />
		<action>ActivateWindow(Videos,"plugin://plugin.video.juggernaut",return)</action>
		<disabled>True</disabled>
	</shortcut>
</shortcuts>
