<?xml version='1.0' encoding='UTF-8'?>
<shortcuts>
	<shortcut>
		<defaultID />
		<label>A Woman's Touch</label>
		<label2>Custom item</label2>
		<icon>DefaultShortcut.png</icon>
		<thumb />
		<action>ActivateWindow(Videos,"plugin://plugin.video.wolfpack/?action=directory&amp;url=https%3A%2F%2Fia801507.us.archive.org%2F18%2Fitems%2Fherplace%2Fherplaceindex.xml&amp;content=0",return)</action>
	</shortcut>
	<shortcut>
		<defaultID />
		<label>Her Movies</label>
		<label2>Custom item</label2>
		<icon>DefaultShortcut.png</icon>
		<thumb />
		<action>ActivateWindow(Programs,"plugin://plugin.program.super.favourites/?label=Her+Movies&amp;mode=400&amp;path=special%3A%2F%2Fprofile%2Faddon_data%2Fplugin.program.super.favourites%2FSuper+Favourites%5CBuild+Menus%5CHer+Place%5CHer+Movies&amp;image=http%3A%2F%2F178.32.217.111%2Freloaded%2Ficon%2Fpng%2Fhallmark.png&amp;fanart=special%3A%2F%2Fhome%2Faddons%5Cplugin.video.bob.unleashed%5Cfanart.jpg&amp;content_type=",return)</action>
	</shortcut>
	<shortcut>
		<defaultID />
		<label>Her TV</label>
		<label2>Custom item</label2>
		<icon>DefaultShortcut.png</icon>
		<thumb />
		<action>ActivateWindow(Programs,"plugin://plugin.program.super.favourites/?label=Her+TV&amp;mode=400&amp;path=special%3A%2F%2Fprofile%2Faddon_data%2Fplugin.program.super.favourites%2FSuper+Favourites%5CBuild+Menus%5CHer+Place%5CHer+TV&amp;image=special%3A%2F%2Fhome%2Faddons%5Cplugin.video.MaverickTV%5Cicon.png&amp;fanart=C%3A%5CUsers%5CALSystems%5CDesktop%5CKodi173%5Cportable_data%5Caddons%5Cplugin.program.super.favourites%5Cfanart.jpg&amp;content_type=",return)</action>
	</shortcut>
	<shortcut>
		<defaultID />
		<label>Walk of Fame</label>
		<label2>Custom item</label2>
		<icon>DefaultShortcut.png</icon>
		<thumb />
		<action>ActivateWindow(Programs,"plugin://plugin.program.super.favourites/?label=Walk+of+Fame&amp;mode=400&amp;path=special%3A%2F%2Fprofile%2Faddon_data%2Fplugin.program.super.favourites%2FSuper+Favourites%5CBuild+Menus%5CHer+Place%5CWalk+of+Fame&amp;image=http%3A%2F%2F178.32.217.111%2Freloaded%2Ficons%2FWalk%2520of%2520Fame%2FWalk%2520of%2520Fame%2520Actress%2520PNG.png&amp;fanart=special%3A%2F%2Fhome%2Faddons%5Cplugin.video.bob.unleashed%5Cfanart.jpg&amp;content_type=",return)</action>
	</shortcut>
	<shortcut>
		<defaultID />
		<label>Cooking</label>
		<label2>Custom item</label2>
		<icon>DefaultShortcut.png</icon>
		<thumb />
		<action>ActivateWindow(Programs,"plugin://plugin.program.super.favourites/?label=Cooking&amp;mode=400&amp;path=special%3A%2F%2Fprofile%2Faddon_data%2Fplugin.program.super.favourites%2FSuper+Favourites%5CBuild+Menus%5CHer+Place%5CCooking&amp;image=http%3A%2F%2Fi66.tinypic.com%2Fztcfu0.jpg&amp;fanart=special%3A%2F%2Fhome%2Faddons%2Fplugin.video.titan%2Fart%2Fhifibg.jpg&amp;content_type=",return)</action>
	</shortcut>
	<shortcut>
		<defaultID />
		<label>Ehow Learning</label>
		<label2>Custom item</label2>
		<icon>DefaultShortcut.png</icon>
		<thumb />
		<action>ActivateWindow(Programs,"plugin://plugin.program.super.favourites/?label=eHow+Learning&amp;mode=650&amp;cmd=ActivateWindow%2810025%2C%22plugin%3A%2F%2Fplugin.video.bob.unleashed%2F%3Fdescription%3DNo%2520information%2520available%26fanart%3DC%253a%255cUsers%255cALSystems%255cDesktop%255cKodi173%255cportable_data%255caddons%255cplugin.video.bob.unleashed%255cfanart.jpg%26iconimage%3DC%253a%255cUsers%255cALSystems%255cDesktop%255cKodi173%255cportable_data%255caddons%255cplugin.video.bob.unleashed%255cicon.png%26mode%3Dget_list%26name%3DeHow%2520Learning%26url%3Dhttp%253a%252f%252fwww.norestrictions.club%252freloaded%252fLadies%252feHow.xml%26sf_options%3Dfanart%253Dspecial%253A%252F%252Fhome%252Faddons%255Cplugin.video.bob.unleashed%255Cfanart.jpg%2526desc%253DNo%2Binformation%2Bavailable%2526_options_sf%22%2Creturn%29&amp;image=special%3A%2F%2Fhome%2Faddons%5Cplugin.video.bob.unleashed%5Cicon.png&amp;fanart=special%3A%2F%2Fhome%2Faddons%5Cplugin.video.bob.unleashed%5Cfanart.jpg&amp;content_type=",return)</action>
	</shortcut>
	<shortcut>
		<defaultID />
		<label>Fitness</label>
		<label2>Custom item</label2>
		<icon>DefaultShortcut.png</icon>
		<thumb />
		<action>ActivateWindow(Programs,"plugin://plugin.program.super.favourites/?label=Fitness&amp;mode=400&amp;path=special%3A%2F%2Fprofile%2Faddon_data%2Fplugin.program.super.favourites%2FSuper+Favourites%5CBuild+Menus%5CHer+Place%5CFitness&amp;image=special%3A%2F%2Fhome%2Faddons%2Fplugin.video.pulsefitness%2Ficon.png&amp;fanart=special%3A%2F%2Fhome%2Faddons%2Fplugin.video.pulsefitness%2Ffanart.jpg&amp;content_type=",return)</action>
	</shortcut>
	<shortcut>
		<defaultID />
		<label>Girly Releases</label>
		<label2>Custom item</label2>
		<icon>DefaultShortcut.png</icon>
		<thumb />
		<action>ActivateWindow(Videos,"plugin://plugin.video.bob.unleashed/?mode=get_list&amp;url=http%3A%2F%2Fwww.norestrictions.club%2Fcaira%2FLadies%2Fnewgirlreleases.xml&amp;name=%5BB%5D%5BCOLOR+deeppink%5DNew%5BCOLOR+white%5D+Girl+Releases%5B%2FCOLOR%5D%5B%2FB%5D&amp;iconimage=http%3A%2F%2Fnorestrictions.club%2Fnorestrictions.club%2Fcaira%2Ficon%2Fpng%2Fgirlynewreleases.png&amp;fanart=C%3A%5CUsers%5CALSystems%5CDesktop%5CKodi173%5Cportable_data%5Caddons%5Cplugin.video.bob.unleashed%5Cfanart.jpg&amp;description=No+information+available",return)</action>
		<disabled>True</disabled>
	</shortcut>
	<shortcut>
		<defaultID />
		<label>Amazing TV</label>
		<label2>Custom item</label2>
		<icon>DefaultShortcut.png</icon>
		<thumb />
		<action>ActivateWindow(Videos,"plugin://plugin.video.bob.unleashed/?mode=get_list&amp;url=http%3A%2F%2Fwww.norestrictions.club%2Freloaded%2Fbobtvreloaded.xml&amp;name=Amazing+TV&amp;iconimage=http%3A%2F%2Fnorestrictions.club%2Fnorestrictions.club%2Freloaded%2Ficons%2FMain%2FMain-Amazing-TV.png&amp;fanart=C%3A%5CUsers%5CALSystems%5CDesktop%5CKodi173%5Cportable_data%5Caddons%5Cplugin.video.bob.unleashed%5Cfanart.jpg&amp;description=No+information+available",return)</action>
		<disabled>True</disabled>
	</shortcut>
	<shortcut>
		<defaultID />
		<label>Mini Series</label>
		<label2>Custom item</label2>
		<icon>DefaultShortcut.png</icon>
		<thumb />
		<action>ActivateWindow(Videos,"plugin://plugin.video.bob.unleashed/?mode=get_list&amp;url=http%3A%2F%2Fwww.norestrictions.club%2Fcaira%2FLadies%2Fminiseries%2Fminiseries.xml&amp;name=%5BB%5D%5BCOLOR+deeppink%5DMini%5BCOLOR+white%5D+Series%5B%2FCOLOR%5D%5B%2FB%5D&amp;iconimage=http%3A%2F%2Fnorestrictions.club%2Fnorestrictions.club%2Fcaira%2Ficon%2Fpng%2Fminiseries.png&amp;fanart=C%3A%5CUsers%5CALSystems%5CDesktop%5CKodi173%5Cportable_data%5Caddons%5Cplugin.video.bob.unleashed%5Cfanart.jpg&amp;description=No+information+available",return)</action>
		<disabled>True</disabled>
	</shortcut>
	<shortcut>
		<defaultID />
		<label>Fitness Center</label>
		<label2>Custom item</label2>
		<icon>DefaultShortcut.png</icon>
		<thumb />
		<action>ActivateWindow(Videos,"plugin://plugin.video.bob.unleashed/?mode=get_list&amp;url=http%3A%2F%2Fwww.norestrictions.club%2Fcaira%2FFitness%2Ffitnessmenu.xml&amp;name=%5BB%5D%5BCOLOR+deeppink%5DFitness%5BCOLOR+white%5D+Centre%5B%2FCOLOR%5D%5B%2FB%5D&amp;iconimage=http%3A%2F%2Fnorestrictions.club%2Fnorestrictions.club%2Fcaira%2Ficon%2Fmain%2Ffitnessmain.png&amp;fanart=C%3A%5CUsers%5CALSystems%5CDesktop%5CKodi173%5Cportable_data%5Caddons%5Cplugin.video.bob.unleashed%5Cfanart.jpg&amp;description=No+information+available",return)</action>
		<disabled>True</disabled>
	</shortcut>
	<shortcut>
		<defaultID />
		<label>Caira Comedy</label>
		<label2>Custom item</label2>
		<icon>DefaultShortcut.png</icon>
		<thumb />
		<action>ActivateWindow(Videos,"plugin://plugin.video.bob.unleashed/?mode=get_list&amp;url=http%3A%2F%2Fwww.norestrictions.club%2Fcaira%2Fcomedy%2FComedymenu.xml&amp;name=%5BB%5D%5BCOLOR+deeppink%5DComedy%5BCOLOR+white%5D+Corner%5B%2FCOLOR%5D%5B%2FB%5D&amp;iconimage=http%3A%2F%2Fnorestrictions.club%2Fnorestrictions.club%2Fcaira%2Ficon%2Fmain%2FComedy.png&amp;fanart=C%3A%5CUsers%5CALSystems%5CDesktop%5CKodi173%5Cportable_data%5Caddons%5Cplugin.video.bob.unleashed%5Cfanart.jpg&amp;description=No+information+available",return)</action>
		<disabled>True</disabled>
	</shortcut>
	<shortcut>
		<defaultID />
		<label>Caira Music</label>
		<label2>Custom item</label2>
		<icon>DefaultShortcut.png</icon>
		<thumb />
		<action>ActivateWindow(Videos,"plugin://plugin.video.bob.unleashed/?mode=get_list&amp;url=http%3A%2F%2Fwww.norestrictions.club%2Fcaira%2Fmusic%2Fmusicmenu.xml&amp;name=%5BB%5D%5BCOLOR+deeppink%5DMusic%5BCOLOR+white%5D+Zone%5B%2FCOLOR%5D%5B%2FB%5D&amp;iconimage=http%3A%2F%2Fnorestrictions.club%2Fnorestrictions.club%2Fcaira%2Ficon%2Fmain%2FMusic.png&amp;fanart=C%3A%5CUsers%5CALSystems%5CDesktop%5CKodi173%5Cportable_data%5Caddons%5Cplugin.video.bob.unleashed%5Cfanart.jpg&amp;description=No+information+available",return)</action>
		<disabled>True</disabled>
	</shortcut>
	<shortcut>
		<defaultID />
		<label>Bob Kids</label>
		<label2>Custom item</label2>
		<icon>DefaultShortcut.png</icon>
		<thumb />
		<action>ActivateWindow(Videos,"plugin://plugin.video.bob.unleashed/?mode=get_list&amp;url=http%3A%2F%2Fwww.norestrictions.club%2Freloaded%2Fkidsmainreloaded.xml&amp;name=Bob%27s+Kids&amp;iconimage=http%3A%2F%2Fnorestrictions.club%2Fnorestrictions.club%2Freloaded%2Ficons%2FMain%2FMain-Kids.png&amp;fanart=C%3A%5CUsers%5CALSystems%5CDesktop%5CKodi173%5Cportable_data%5Caddons%5Cplugin.video.bob.unleashed%5Cfanart.jpg&amp;description=No+information+available",return)</action>
		<disabled>True</disabled>
	</shortcut>
	<shortcut>
		<defaultID />
		<label>Makeup Tutorials</label>
		<label2>Custom item</label2>
		<icon>DefaultShortcut.png</icon>
		<thumb />
		<action>ActivateWindow(Videos,"plugin://plugin.video.bob.unleashed/?mode=get_list&amp;url=http%3A%2F%2Fwww.norestrictions.club%2Fcaira%2FLadies%2Fmakeup.xml&amp;name=%5BB%5D%5BCOLOR+deeppink%5DMake+Up%5BCOLOR+white%5D+Tutorials%5B%2FCOLOR%5D%5B%2FB%5D&amp;iconimage=http%3A%2F%2Fnorestrictions.club%2Fnorestrictions.club%2Fcaira%2Ficon%2Fpng%2Fmakeup.png&amp;fanart=C%3A%5CUsers%5CALSystems%5CDesktop%5CKodi173%5Cportable_data%5Caddons%5Cplugin.video.bob.unleashed%5Cfanart.jpg&amp;description=No+information+available",return)</action>
		<disabled>True</disabled>
	</shortcut>
	<shortcut>
		<defaultID />
		<label>Hair Tutorials</label>
		<label2>Custom item</label2>
		<icon>DefaultShortcut.png</icon>
		<thumb />
		<action>ActivateWindow(Videos,"plugin://plugin.video.bob.unleashed/?mode=get_list&amp;url=http%3A%2F%2Fwww.norestrictions.club%2Fcaira%2FLadies%2Fhair.xml&amp;name=%5BB%5D%5BCOLOR+deeppink%5DHair%5BCOLOR+white%5D+Tutorials%5B%2FCOLOR%5D%5B%2FB%5D&amp;iconimage=http%3A%2F%2Fnorestrictions.club%2Fnorestrictions.club%2Fcaira%2Ficon%2Fpng%2Fhair.png&amp;fanart=C%3A%5CUsers%5CALSystems%5CDesktop%5CKodi173%5Cportable_data%5Caddons%5Cplugin.video.bob.unleashed%5Cfanart.jpg&amp;description=No+information+available",return)</action>
		<disabled>True</disabled>
	</shortcut>
	<shortcut>
		<defaultID />
		<label>Fake Tan Tutorials</label>
		<label2>Custom item</label2>
		<icon>DefaultShortcut.png</icon>
		<thumb />
		<action>ActivateWindow(Videos,"plugin://plugin.video.bob.unleashed/?mode=get_list&amp;url=http%3A%2F%2Fwww.norestrictions.club%2Fcaira%2FLadies%2Ffake%2520tan.xml&amp;name=%5BB%5D%5BCOLOR+deeppink%5DFake+Tan%5BCOLOR+white%5D+Tutorials%5B%2FCOLOR%5D%5B%2FB%5D&amp;iconimage=http%3A%2F%2Fnorestrictions.club%2Fnorestrictions.club%2Fcaira%2Ficon%2Fpng%2Ffaketan.png&amp;fanart=C%3A%5CUsers%5CALSystems%5CDesktop%5CKodi173%5Cportable_data%5Caddons%5Cplugin.video.bob.unleashed%5Cfanart.jpg&amp;description=No+information+available",return)</action>
		<disabled>True</disabled>
	</shortcut>
	<shortcut>
		<defaultID />
		<label>Fashion</label>
		<label2>Custom item</label2>
		<icon>DefaultShortcut.png</icon>
		<thumb />
		<action>ActivateWindow(Videos,"plugin://plugin.video.bob.unleashed/?mode=get_list&amp;url=http%3A%2F%2Fwww.norestrictions.club%2Fcaira%2FLadies%2Ffashion.xml&amp;name=%5BB%5D%5BCOLOR+deeppink%5DFashion+Channels%5BCOLOR+white%5D+%26+Fashion+Shows%5B%2FCOLOR%5D%5B%2FB%5D&amp;iconimage=http%3A%2F%2Fnorestrictions.club%2Fnorestrictions.club%2Fcaira%2Ficon%2Fpng%2Ffashion.png&amp;fanart=C%3A%5CUsers%5CALSystems%5CDesktop%5CKodi173%5Cportable_data%5Caddons%5Cplugin.video.bob.unleashed%5Cfanart.jpg&amp;description=No+information+available",return)</action>
		<disabled>True</disabled>
	</shortcut>
	<shortcut>
		<defaultID />
		<label>Cooking Ideas</label>
		<label2>Custom item</label2>
		<icon>DefaultShortcut.png</icon>
		<thumb />
		<action>ActivateWindow(Videos,"plugin://plugin.video.bob.unleashed/?mode=get_list&amp;url=http%3A%2F%2Fwww.norestrictions.club%2Freloaded%2FLadies%2FCooking.xml&amp;name=Cooking+Ideas&amp;iconimage=http%3A%2F%2F178.32.217.111%2Freloaded%2Ficons%2FBlue%2FBlue-Movies-Female-Cooking.png&amp;fanart=C%3A%5CUsers%5CALSystems%5CDesktop%5CKodi173%5Cportable_data%5Caddons%5Cplugin.video.bob.unleashed%5Cfanart.jpg&amp;description=No+information+available",return)</action>
		<disabled>True</disabled>
	</shortcut>
	<shortcut>
		<defaultID />
		<label>Relaxation</label>
		<label2>Custom item</label2>
		<icon>DefaultShortcut.png</icon>
		<thumb />
		<action>ActivateWindow(Videos,"plugin://plugin.video.bob.unleashed/?mode=get_list&amp;url=http%3A%2F%2Fwww.norestrictions.club%2Fcaira%2FLadies%2FRelaxation.xml&amp;name=%5BB%5D%5BCOLOR+deeppink%5DRelaxation%5BCOLOR+white%5D+%26+Techniques%5B%2FCOLOR%5D%5B%2FB%5D&amp;iconimage=http%3A%2F%2Fnorestrictions.club%2Fnorestrictions.club%2Fcaira%2Ficon%2Fpng%2Frelaxation.png&amp;fanart=C%3A%5CUsers%5CALSystems%5CDesktop%5CKodi173%5Cportable_data%5Caddons%5Cplugin.video.bob.unleashed%5Cfanart.jpg&amp;description=No+information+available",return)</action>
		<disabled>True</disabled>
	</shortcut>
	<shortcut>
		<defaultID />
		<label>eHow Learning</label>
		<label2>Video Add-On</label2>
		<icon>DefaultShortcut.png</icon>
		<thumb>image://C%3a%5cUsers%5cALSystems%5cDesktop%5cKodi173%5cportable_data%5caddons%5cplugin.video.bob.unleashed%5cicon.png/</thumb>
		<action>ActivateWindow(Videos,"plugin://plugin.video.bob.unleashed/?mode=get_list&amp;url=http%3A%2F%2Fwww.norestrictions.club%2Freloaded%2FLadies%2FeHow.xml&amp;name=eHow+Learning&amp;iconimage=C%3A%5CUsers%5CALSystems%5CDesktop%5CKodi173%5Cportable_data%5Caddons%5Cplugin.video.bob.unleashed%5Cicon.png&amp;fanart=C%3A%5CUsers%5CALSystems%5CDesktop%5CKodi173%5Cportable_data%5Caddons%5Cplugin.video.bob.unleashed%5Cfanart.jpg&amp;description=No+information+available",return)</action>
		<disabled>True</disabled>
	</shortcut>
	<shortcut>
		<defaultID />
		<label>Hallmark Movies</label>
		<label2>Custom item</label2>
		<icon>DefaultShortcut.png</icon>
		<thumb />
		<action>ActivateWindow(Videos,"plugin://plugin.video.bob.unleashed/?mode=get_list&amp;url=http%3A%2F%2Fwww.norestrictions.club%2Fcaira%2FLadies%2Fmovies%2FHallmark.xml&amp;name=Hallmark+Movies&amp;iconimage=http%3A%2F%2Fnorestrictions.club%2Fnorestrictions.club%2Fcaira%2Ficon%2Fpng%2Fhallmark.png&amp;fanart=C%3A%5CUsers%5CALSystems%5CDesktop%5CKodi173%5Cportable_data%5Caddons%5Cplugin.video.bob.unleashed%5Cfanart.jpg&amp;description=No+information+available",return)</action>
		<disabled>True</disabled>
	</shortcut>
	<shortcut>
		<defaultID />
		<label>Lifetime Movies</label>
		<label2>Custom item</label2>
		<icon>DefaultShortcut.png</icon>
		<thumb />
		<action>ActivateWindow(Videos,"plugin://plugin.video.bob.unleashed/?mode=get_list&amp;url=http%3A%2F%2Fwww.norestrictions.club%2Freloaded%2FLadies%2Fmovies%2Flifetime.xml&amp;name=Lifetime+Movies&amp;iconimage=http%3A%2F%2F178.32.217.111%2Freloaded%2Ficon%2Fpng%2Flifetime.png&amp;fanart=C%3A%5CUsers%5CALSystems%5CDesktop%5CKodi173%5Cportable_data%5Caddons%5Cplugin.video.bob.unleashed%5Cfanart.jpg&amp;description=No+information+available",return)</action>
		<disabled>True</disabled>
	</shortcut>
	<shortcut>
		<defaultID />
		<label>Nicholas Sparks</label>
		<label2>Custom item</label2>
		<icon>DefaultShortcut.png</icon>
		<thumb />
		<action>ActivateWindow(Videos,"plugin://plugin.video.bob.unleashed/?mode=get_list&amp;url=http%3A%2F%2Fwww.norestrictions.club%2Freloaded%2FLadies%2Fmovies%2FNicholas%2520Sparks%2520Novels.xml&amp;name=Nicholas+Sparks+Novels&amp;iconimage=http%3A%2F%2F178.32.217.111%2Freloaded%2Ficon%2Fpng%2Fnicolassparks.png&amp;fanart=C%3A%5CUsers%5CALSystems%5CDesktop%5CKodi173%5Cportable_data%5Caddons%5Cplugin.video.bob.unleashed%5Cfanart.jpg&amp;description=No+information+available",return)</action>
		<disabled>True</disabled>
	</shortcut>
	<shortcut>
		<defaultID />
		<label>Hallmark Series</label>
		<label2>Custom item</label2>
		<icon>DefaultShortcut.png</icon>
		<thumb />
		<action>ActivateWindow(Videos,"plugin://plugin.video.covenant/?action=tvshows&amp;url=http%3A%2F%2Fwww.tvmaze.com%2Fnetworks%2F50%2Fhallmark-channel",return)</action>
		<disabled>True</disabled>
	</shortcut>
	<shortcut>
		<defaultID />
		<label>Lifetime Series</label>
		<label2>Custom item</label2>
		<icon>DefaultShortcut.png</icon>
		<thumb />
		<action>ActivateWindow(Videos,"plugin://plugin.video.covenant/?action=tvshows&amp;url=http%3A%2F%2Fwww.tvmaze.com%2Fnetworks%2F18%2Flifetime",return)</action>
		<disabled>True</disabled>
	</shortcut>
	<shortcut>
		<defaultID />
		<label>A&amp;E</label>
		<label2>Custom item</label2>
		<icon>DefaultShortcut.png</icon>
		<thumb />
		<action>ActivateWindow(Videos,"plugin://plugin.video.covenant/?action=tvshows&amp;url=http%3A%2F%2Fwww.tvmaze.com%2Fnetworks%2F29%2Fae",return)</action>
		<disabled>True</disabled>
	</shortcut>
	<shortcut>
		<defaultID />
		<label>E! Entertainment</label>
		<label2>Custom item</label2>
		<icon>DefaultShortcut.png</icon>
		<thumb />
		<action>ActivateWindow(Videos,"plugin://plugin.video.covenant/?action=tvshows&amp;url=http%3A%2F%2Fwww.tvmaze.com%2Fnetworks%2F43%2Fe",return)</action>
		<disabled>True</disabled>
	</shortcut>
</shortcuts>
