<?xml version='1.0' encoding='UTF-8'?>
<shortcuts>
	<shortcut>
		<defaultID />
		<label>[COLOR white][B]Addon List[/B][/COLOR]</label>
		<label2>Custom item</label2>
		<icon>DefaultShortcut.png</icon>
		<thumb />
		<action>ActivateWindow(Programs,"plugin://plugin.program.super.favourites/?label=Kids&amp;mode=400&amp;path=special%3A%2F%2Fprofile%2Faddon_data%2Fplugin.program.super.favourites%2FSuper+Favourites%2FBuild+Menus%2FKids&amp;image=%2FUsers%2FJason%2FLibrary%2FApplication+Support%2FKodi%2Faddons%2Fplugin.program.super.favourites%2Ficon.png&amp;fanart=%2FUsers%2FJason%2FLibrary%2FApplication+Support%2FKodi%2Faddons%2Fplugin.program.super.favourites%2Ffanart.jpg&amp;content_type=",return)</action>
	</shortcut>
	<shortcut>
		<defaultID />
		<label>[COLOR lime]Cartoons[/COLOR]</label>
		<label2>Custom item</label2>
		<icon>DefaultShortcut.png</icon>
		<thumb />
		<action>ActivateWindow(Programs,"plugin://plugin.program.super.favourites/?label=Kids+Cartoons&amp;mode=400&amp;path=special%3A%2F%2Fprofile%2Faddon_data%2Fplugin.program.super.favourites%2FSuper+Favourites%2FBuild+Menus%2FKids+Cartoons&amp;image=http%3A%2F%2Fphoenixtv.offshorepastebin.com%2Fart%2Fmain%2FCARTOONCRAZE.jpg&amp;fanart=special%3A%2F%2Fhome%2Faddons%2Fplugin.video.phstreams%2Ffanart.jpg&amp;content_type=",return)</action>
	</shortcut>
	<shortcut>
		<defaultID />
		<label>[COLOR darkorange]Anime[/COLOR]</label>
		<label2>Custom item</label2>
		<icon>DefaultShortcut.png</icon>
		<thumb />
		<action>ActivateWindow(Programs,"plugin://plugin.program.super.favourites/?label=Kids+Anime&amp;mode=400&amp;path=special%3A%2F%2Fprofile%2Faddon_data%2Fplugin.program.super.favourites%2FSuper+Favourites%5CBuild+Menus%5CKids+Anime&amp;image=http%3A%2F%2Fherovision.x10host.com%2Ffreeview%2Fbrettus_anime.png&amp;fanart=special%3A%2F%2Fhome%2Faddons%2Fplugin.video.sanctuary%2Ffanart.jpg&amp;content_type=",return)</action>
	</shortcut>
	<shortcut>
		<defaultID />
		<label>[COLOR aqua]Disney[/COLOR]</label>
		<label2>Custom item</label2>
		<icon>DefaultShortcut.png</icon>
		<thumb />
		<action>ActivateWindow(Programs,"plugin://plugin.program.super.favourites/?label=Kids+Disney&amp;mode=400&amp;path=special%3A%2F%2Fprofile%2Faddon_data%2Fplugin.program.super.favourites%2FSuper+Favourites%2FBuild+Menus%2FKids+Disney&amp;image=http%3A%2F%2Fhitflix.tv%2Faddon%2Fpic%2Fkid.png&amp;fanart=http%3A%2F%2Fs9.postimg.org%2Fqzvorcwz3%2Ffan.jpg&amp;content_type=",return)</action>
	</shortcut>
	<shortcut>
		<defaultID />
		<label>[COLOR yellow]Kids Movies[/COLOR]</label>
		<label2>Custom item</label2>
		<icon>DefaultShortcut.png</icon>
		<thumb />
		<action>ActivateWindow(Programs,"plugin://plugin.program.super.favourites/?label=Kids+Movies&amp;mode=400&amp;path=special%3A%2F%2Fprofile%2Faddon_data%2Fplugin.program.super.favourites%2FSuper+Favourites%2FBuild+Menus%2FKids+Movies&amp;image=special%3A%2F%2Fhome%2Faddons%2Fplugin.video.kmER%2Ficon.png&amp;fanart=special%3A%2F%2Fhome%2Faddons%2Fplugin.video.kmER%2Ffanart.jpg&amp;content_type=",return)</action>
	</shortcut>
	<shortcut>
		<defaultID />
		<label>[COLOR magenta]Kids TV[/COLOR]</label>
		<label2>Custom item</label2>
		<icon>DefaultShortcut.png</icon>
		<thumb />
		<action>ActivateWindow(Programs,"plugin://plugin.program.super.favourites/?label=Kids+TV&amp;mode=400&amp;path=special%3A%2F%2Fprofile%2Faddon_data%2Fplugin.program.super.favourites%2FSuper+Favourites%2FBuild+Menus%2FKids+TV&amp;image=http%3A%2F%2Fphoenixtv.offshorepastebin.com%2Fart%2Ftv%2Fchildren2A.png&amp;fanart=special%3A%2F%2Fhome%2Faddons%2Fplugin.video.phstreams%2Ffanart.jpg&amp;content_type=",return)</action>
	</shortcut>
	<shortcut>
		<defaultID />
		<label>Kids Music</label>
		<label2>Custom item</label2>
		<icon>DefaultShortcut.png</icon>
		<thumb />
		<action>ActivateWindow(Programs,"plugin://plugin.program.super.favourites/?label=Kids+Music&amp;mode=400&amp;path=special%3A%2F%2Fprofile%2Faddon_data%2Fplugin.program.super.favourites%2FSuper+Favourites%5CBuild+Menus%5CKids+Music&amp;image=http%3A%2F%2Fjed.one%2Fbackgrounds%2FKids%2520Backgrounds%2FMusic%2F2559.jpg&amp;fanart=http%3A%2F%2Fjed.one%2Fbackgrounds%2FKids%2520Backgrounds%2FMusic%2F58ac764e8ccc9.image.jpg&amp;content_type=",return)</action>
	</shortcut>
	<shortcut>
		<defaultID />
		<label>Big Kids</label>
		<label2>Custom item</label2>
		<icon>DefaultShortcut.png</icon>
		<thumb />
		<action>ActivateWindow(Programs,"plugin://plugin.program.super.favourites/?label=Kids+Big&amp;mode=400&amp;path=special%3A%2F%2Fprofile%2Faddon_data%2Fplugin.program.super.favourites%2FSuper+Favourites%5CBuild+Menus%5CKids+Big&amp;image=http%3A%2F%2Fjed.one%2Fbackgrounds%2FKids%2520Backgrounds%2FBig%2520Kids%2Fteen%2520idols.jpg&amp;fanart=http%3A%2F%2Fjed.one%2Fbackgrounds%2FKids%2520Backgrounds%2FBig%2520Kids%2F95335947.jpg&amp;content_type=",return)</action>
	</shortcut>
	<shortcut>
		<defaultID />
		<label>Little Kids</label>
		<label2>Custom item</label2>
		<icon>DefaultShortcut.png</icon>
		<thumb />
		<action>ActivateWindow(Programs,"plugin://plugin.program.super.favourites/?label=Kids+Little&amp;mode=400&amp;path=special%3A%2F%2Fprofile%2Faddon_data%2Fplugin.program.super.favourites%2FSuper+Favourites%5CBuild+Menus%5CKids+Little&amp;image=http%3A%2F%2Fjed.one%2Fbackgrounds%2FKids%2520Backgrounds%2FLittle%2520Kids%2Fimage2.jpg&amp;fanart=http%3A%2F%2Fjed.one%2Fbackgrounds%2FKids%2520Backgrounds%2FLittle%2520Kids%2F7-new-kids-shows-and-movies-coming-to-Netflix-Canada-this-March.jpg&amp;content_type=",return)</action>
	</shortcut>
	<shortcut>
		<defaultID />
		<label>Audio Books</label>
		<label2>Custom item</label2>
		<icon>DefaultShortcut.png</icon>
		<thumb />
		<action>ActivateWindow(Programs,"plugin://plugin.program.super.favourites/?label=Kids+Audio+Books&amp;mode=400&amp;path=special%3A%2F%2Fprofile%2Faddon_data%2Fplugin.program.super.favourites%2FSuper+Favourites%5CBuild+Menus%5CKids+Audio+Books&amp;image=http%3A%2F%2Fjed.one%2Fbackgrounds%2FKids%2520Backgrounds%2FStories%2Fmaxresdefault%2520%281%29.jpg&amp;fanart=http%3A%2F%2Fjed.one%2Fbackgrounds%2FKids%2520Backgrounds%2FStories%2FGettyImages-552994749-1024x774.jpg&amp;content_type=",return)</action>
	</shortcut>
</shortcuts>
