<?xml version='1.0' encoding='UTF-8'?>
<shortcuts>
	<shortcut>
		<defaultID />
		<label>[COLOR white][B]Addon List[/B][/COLOR]</label>
		<label2>Custom item</label2>
		<icon>DefaultShortcut.png</icon>
		<thumb />
		<action>ActivateWindow(Programs,"plugin://plugin.program.super.favourites/?label=Live+TV&amp;mode=400&amp;path=special%3A%2F%2Fprofile%2Faddon_data%2Fplugin.program.super.favourites%2FSuper+Favourites%2FBuild+Menus%2FLive+TV&amp;image=special%3A%2F%2Fhome%2Faddons%2Fplugin.video.CanTVLive%2Ficon.png&amp;fanart=special%3A%2F%2Fhome%2Faddons%2Fplugin.video.CanTVLive%2Ffanart.jpg&amp;content_type=",return)</action>
	</shortcut>
	<shortcut>
		<defaultID />
		<label>cCloud TV</label>
		<label2>Custom item</label2>
		<icon>DefaultShortcut.png</icon>
		<thumb />
		<action>ActivateWindow(VideoLibrary,"plugin://plugin.video.ccloudtv",return)</action>
	</shortcut>
	<shortcut>
		<defaultID />
		<label>Hallow Live TV</label>
		<label2>Custom item</label2>
		<icon>DefaultShortcut.png</icon>
		<thumb />
		<action>ActivateWindow(VideoLibrary,"plugin://plugin.video.Test",return)</action>
	</shortcut>
	<shortcut>
		<defaultID />
		<label>Globe TV</label>
		<label2>Custom item</label2>
		<icon>DefaultShortcut.png</icon>
		<thumb />
		<action>ActivateWindow(VideoLibrary,"plugin://plugin.video.israelive",return)</action>
	</shortcut>
	<shortcut>
		<defaultID />
		<label>Mobdro</label>
		<label2>Custom item</label2>
		<icon>DefaultShortcut.png</icon>
		<thumb />
		<action>ActivateWindow(Videos,"plugin://script.module.startecmob",return)</action>
	</shortcut>
	<shortcut>
		<defaultID />
		<label>Nemesis (Stream Army)</label>
		<label2>Custom item</label2>
		<icon>DefaultShortcut.png</icon>
		<thumb />
		<action>ActivateWindow(Videos,"plugin://plugin.video.nemesis/?url=https%3A%2F%2Fpastebin.com%2Fraw%2F3Z1Z7Usu&amp;mode=1&amp;name=%5BCOLOR+yellow%5DT%5BCOLOR+aqua%5Dv+Zone%5B%2FCOLOR%5D&amp;iconimage=C%3A%5CUsers%5CALSystems%5CDesktop%5CKodi173%5Cportable_data%5Caddons%5Cplugin.video.nemesis%5Cicon.png&amp;fanart=C%3A%5CUsers%5CALSystems%5CDesktop%5CKodi173%5Cportable_data%5Caddons%5Cplugin.video.nemesis%5Cfanart.jpg&amp;description=",return)</action>
	</shortcut>
	<shortcut>
		<defaultID />
		<label>Skynet</label>
		<label2>Custom item</label2>
		<icon>DefaultShortcut.png</icon>
		<thumb />
		<action>ActivateWindow(Videos,"plugin://plugin.video.SkyNet/?url=http%3A%2F%2Fmavericktv.net%2Fdata%2Fhome%2Fskynet%2Fiptv.xml&amp;mode=1&amp;name=%5BCOLOR+white%5DSkynet+IPTV%5B%2FCOLOR%5D&amp;fanart=http%3A%2F%2Fmavericktv.net%2Fdata%2Fskynetbg.jpg",return)</action>
	</shortcut>
	<shortcut>
		<defaultID />
		<label>The Players Klub</label>
		<label2>Custom item</label2>
		<icon>DefaultShortcut.png</icon>
		<thumb />
		<action>ActivateWindow(Videos,"plugin://plugin.video.playklub",return)</action>
	</shortcut>
	<shortcut>
		<defaultID />
		<label>UK Turks</label>
		<label2>Custom item</label2>
		<icon>DefaultShortcut.png</icon>
		<thumb />
		<action>ActivateWindow(Videos,"plugin://plugin.video.ukturk/?url=http%3A%2F%2Faddoncloud.org%2Fukturk%2FUKTurk%2FLive%2520TV.txt&amp;mode=1&amp;name=Live+TV&amp;description=&amp;fanart=C%3A%5CUsers%5CALSystems%5CDesktop%5CKodi173%5Cportable_data%5Caddons%5Cplugin.video.ukturk%5Cfanart.jpg&amp;iconimage=http%3A%2F%2Faddoncloud.org%2Fukturk%2FUKTurk%2Fthumbs%2Fnew%2FUk%2520turk%2520thumbnails%2520live%2520tv.jpg",return)</action>
	</shortcut>
</shortcuts>
