<?xml version='1.0' encoding='UTF-8'?>
<shortcuts>
	<shortcut>
		<defaultID />
		<label>[COLOR white][B]ADDON LIST[/B][/COLOR]</label>
		<label2>Custom item</label2>
		<icon>DefaultShortcut.png</icon>
		<thumb />
		<action>ActivateWindow(Programs,"plugin://plugin.program.super.favourites/?label=More&amp;mode=400&amp;path=special%3A%2F%2Fprofile%2Faddon_data%2Fplugin.program.super.favourites%2FSuper+Favourites%2FBuild+Menus%2FMore&amp;image=special%3A%2F%2Fhome%2Faddons%2Fplugin.video.outofthisworld%2Ficon.png&amp;fanart=special%3A%2F%2Fhome%2Faddons%2Fplugin.video.outofthisworld%2Ffanart.jpg&amp;content_type=",return)</action>
	</shortcut>
	<shortcut>
		<defaultID />
		<label>[COLOR yellow]Collections[/COLOR]</label>
		<label2>Custom item</label2>
		<icon>DefaultShortcut.png</icon>
		<thumb />
		<action>ActivateWindow(Programs,"plugin://plugin.program.super.favourites/?label=Movies+Collections&amp;mode=400&amp;path=special%3A%2F%2Fprofile%2Faddon_data%2Fplugin.program.super.favourites%2FSuper+Favourites%5CBuild+Menus%5CCollections%5CMovies+Collections&amp;image=http%3A%2F%2Fwww.bleedingcool.com%2Fwp-content%2Fuploads%2F2011%2F05%2Fstar-wars-4-to-6.jpg&amp;fanart=http%3A%2F%2Fi65.tinypic.com%2F2qi0kec.jpg&amp;content_type=",return)</action>
	</shortcut>
	<shortcut>
		<defaultID />
		<label>[COLOR lime]24/7 TV[/COLOR]</label>
		<label2>Custom item</label2>
		<icon>DefaultShortcut.png</icon>
		<thumb />
		<action>ActivateWindow(Programs,"plugin://plugin.program.super.favourites/?label=More+24-7&amp;mode=400&amp;path=special%3A%2F%2Fprofile%2Faddon_data%2Fplugin.program.super.favourites%2FSuper+Favourites%5CBuild+Menus%5CMore+24-7&amp;image=special%3A%2F%2Fhome%2Faddons%2Fplugin.video.ccloudtv%2Fresources%2Ficons%2F%2Ftwentyfourseven.png&amp;fanart=special%3A%2F%2Fhome%2Faddons%2Fplugin.video.ccloudtv%2Ffanart.jpg&amp;content_type=",return)</action>
	</shortcut>
	<shortcut>
		<defaultID />
		<label>[COLOR aqua]Comedy[/COLOR]</label>
		<label2>Custom item</label2>
		<icon>DefaultShortcut.png</icon>
		<thumb />
		<action>ActivateWindow(Programs,"plugin://plugin.program.super.favourites/?label=More+Comedy&amp;mode=400&amp;path=special%3A%2F%2Fprofile%2Faddon_data%2Fplugin.program.super.favourites%2FSuper+Favourites%5CBuild+Menus%5CMore+Comedy&amp;image=special%3A%2F%2Fhome%2Faddons%2Fplugin.video.yt-comedy%2Ficon.png&amp;fanart=special%3A%2F%2Fhome%2Faddons%2Fplugin.video.yt-comedy%2Ffanart.jpg&amp;content_type=",return)</action>
	</shortcut>
	<shortcut>
		<defaultID />
		<label>[COLOR darkorange]Documentaries[/COLOR]</label>
		<label2>Custom item</label2>
		<icon>DefaultShortcut.png</icon>
		<thumb />
		<action>ActivateWindow(Programs,"plugin://plugin.program.super.favourites/?label=More+Documentaries&amp;mode=400&amp;path=special%3A%2F%2Fprofile%2Faddon_data%2Fplugin.program.super.favourites%2FSuper+Favourites%5CBuild+Menus%5CMore+Documentaries&amp;image=special%3A%2F%2Fhome%2Faddons%2Fplugin.video.DecadoDocs%2Ficon.png&amp;fanart=special%3A%2F%2Fhome%2Faddons%2Fplugin.video.DecadoDocs%2Ffanart.jpg&amp;content_type=",return)</action>
	</shortcut>
	<shortcut>
		<defaultID />
		<label>[COLOR lime]Holiday[/COLOR]</label>
		<label2>Custom item</label2>
		<icon>DefaultShortcut.png</icon>
		<thumb />
		<action>ActivateWindow(Programs,"plugin://plugin.program.super.favourites/?label=Movies+Seasonal&amp;mode=400&amp;path=special%3A%2F%2Fprofile%2Faddon_data%2Fplugin.program.super.favourites%2FSuper+Favourites%5CBuild+Menus%5CMovies+Seasonal&amp;image=http%3A%2F%2Fnorestrictions.club%2Fnorestrictions.club%2Fmain%2Fseasonal%2Fchristmas.jpg&amp;fanart=http%3A%2F%2Fnorestrictions.club%2Fnorestrictions.club%2Fmain%2Fseasonal%2FChristmas%2520Fanart%25202.jpg&amp;content_type=",return)</action>
	</shortcut>
	<shortcut>
		<defaultID />
		<label>[COLOR red]Horror[/COLOR]</label>
		<label2>Custom item</label2>
		<icon>DefaultShortcut.png</icon>
		<thumb />
		<action>ActivateWindow(Programs,"plugin://plugin.program.super.favourites/?label=Movies+Horror&amp;mode=400&amp;path=special%3A%2F%2Fprofile%2Faddon_data%2Fplugin.program.super.favourites%2FSuper+Favourites%5CBuild+Menus%5CMovies+Horror&amp;image=http%3A%2F%2Fiscreamsundae.com%2Fwp-content%2Fuploads%2F2016%2F03%2FThe-Exorcist.jpg&amp;fanart=http%3A%2F%2Fmaverickrepo.net%2Fdata%2Ffanart.jpg&amp;content_type=",return)</action>
	</shortcut>
	<shortcut>
		<defaultID />
		<label>[COLOR darkorange]Fitness[/COLOR]</label>
		<label2>Custom item</label2>
		<icon>DefaultShortcut.png</icon>
		<thumb />
		<action>ActivateWindow(Programs,"plugin://plugin.program.super.favourites/?label=More+Fitness&amp;mode=400&amp;path=special%3A%2F%2Fprofile%2Faddon_data%2Fplugin.program.super.favourites%2FSuper+Favourites%5CBuild+Menus%5CMore+Fitness&amp;image=http%3A%2F%2Fwww.matsbuilds.uk%2Fpics%2Fgoliath%2Ficons%2Ffitness.png&amp;fanart=http%3A%2F%2Fwww.matsbuilds.uk%2Fpics%2Fevolve%2Ffanart.jpg&amp;content_type=",return)</action>
	</shortcut>
	<shortcut>
		<defaultID />
		<label>[COLOR aqua]Cooking[/COLOR]</label>
		<label2>Custom item</label2>
		<icon>DefaultShortcut.png</icon>
		<thumb />
		<action>ActivateWindow(Programs,"plugin://plugin.program.super.favourites/?label=More+Cooking&amp;mode=400&amp;path=special%3A%2F%2Fprofile%2Faddon_data%2Fplugin.program.super.favourites%2FSuper+Favourites%5CBuild+Menus%5CMore+Cooking&amp;image=http%3A%2F%2Fi66.tinypic.com%2F2mwvwxy.png&amp;fanart=special%3A%2F%2Fhome%2Faddons%2Fplugin.video.titan%2Fart%2Fhifibg.jpg&amp;content_type=",return)</action>
	</shortcut>
	<shortcut>
		<defaultID />
		<label>Audio Books</label>
		<label2>Custom item</label2>
		<icon>DefaultShortcut.png</icon>
		<thumb />
		<action>ActivateWindow(Programs,"plugin://plugin.program.super.favourites/?label=More+Audio+Books&amp;mode=400&amp;path=special%3A%2F%2Fprofile%2Faddon_data%2Fplugin.program.super.favourites%2FSuper+Favourites%5CBuild+Menus%5CMore+Audio+Books&amp;image=http%3A%2F%2Fis5.mzstatic.com%2Fimage%2Fthumb%2FPurple69%2Fv4%2F13%2F15%2F10%2F1315105b-dcca-e621-36e0-f5f0dbe34fe4%2Fsource%2F512x512bb.png&amp;fanart=https%3A%2F%2Fcdn.allwallpaper.in%2Fwallpapers%2F1280x720%2F7365%2Fanimals-magic-wolves-1280x720-wallpaper.jpg&amp;content_type=",return)</action>
		<disabled>True</disabled>
	</shortcut>
	<shortcut>
		<defaultID />
		<label>[COLOR magenta]Soaps[/COLOR]</label>
		<label2>Custom item</label2>
		<icon>DefaultShortcut.png</icon>
		<thumb />
		<action>ActivateWindow(Programs,"plugin://plugin.program.super.favourites/?label=More+Soaps&amp;mode=400&amp;path=special%3A%2F%2Fprofile%2Faddon_data%2Fplugin.program.super.favourites%2FSuper+Favourites%5CBuild+Menus%5CMore+Soaps&amp;image=http%3A%2F%2Fnorestrictions.club%2Fnorestrictions.club%2Fblue%2Ficons%2FBlue%2Fminiseries.jpg&amp;fanart=http%3A%2F%2Fnorestrictions.club%2Fnorestrictions.club%2Fblue%2Ficons%2FBlue%2Fbluefanart.jpg&amp;content_type=",return)</action>
		<disabled>True</disabled>
	</shortcut>
	<shortcut>
		<defaultID />
		<label>[COLOR yellow]Latino[/COLOR]</label>
		<label2>Custom item</label2>
		<icon>DefaultShortcut.png</icon>
		<thumb />
		<action>ActivateWindow(Programs,"plugin://plugin.program.super.favourites/?label=More+Latino&amp;mode=400&amp;path=special%3A%2F%2Fprofile%2Faddon_data%2Fplugin.program.super.favourites%2FSuper+Favourites%5CBuild+Menus%5CMore+Latino&amp;image=C%3A%5CUsers%5CALSystems%5CDesktop%5CKodi173%5Cportable_data%5Caddons%5Cplugin.program.super.favourites%5Cicon.png&amp;fanart=C%3A%5CUsers%5CALSystems%5CDesktop%5CKodi173%5Cportable_data%5Caddons%5Cplugin.program.super.favourites%5Cfanart.jpg&amp;content_type=",return)</action>
		<disabled>True</disabled>
	</shortcut>
	<shortcut>
		<defaultID />
		<label>[COLOR darkorange]Urban[/COLOR]</label>
		<label2>Custom item</label2>
		<icon>DefaultShortcut.png</icon>
		<thumb />
		<action>ActivateWindow(Programs,"plugin://plugin.program.super.favourites/?label=More+Urban&amp;mode=400&amp;path=special%3A%2F%2Fprofile%2Faddon_data%2Fplugin.program.super.favourites%2FSuper+Favourites%5CBuild+Menus%5CMore+Urban&amp;image=special%3A%2F%2Fhome%2Faddons%5Cplugin.video.TheRealUrbanKingz%5Cicon.png&amp;fanart=special%3A%2F%2Fhome%2Faddons%5Cplugin.video.TheRealUrbanKingz%5Cfanart.jpg&amp;content_type=",return)</action>
	</shortcut>
	<shortcut>
		<defaultID />
		<label>[COLOR aqua]International[/COLOR]</label>
		<label2>Custom item</label2>
		<icon>DefaultShortcut.png</icon>
		<thumb />
		<action>ActivateWindow(Programs,"plugin://plugin.program.super.favourites/?label=More+International&amp;mode=400&amp;path=special%3A%2F%2Fprofile%2Faddon_data%2Fplugin.program.super.favourites%2FSuper+Favourites%5CBuild+Menus%5CMore+International&amp;image=http%3A%2F%2Fwww.malaysiasky.net%2Fwp-content%2Fuploads%2F2016%2F10%2Fcrusader.jpeg&amp;fanart=none&amp;content_type=",return)</action>
	</shortcut>
	<shortcut>
		<defaultID />
		<label>[COLOR red]YouTube[/COLOR]</label>
		<label2>Custom item</label2>
		<icon>DefaultShortcut.png</icon>
		<thumb />
		<action>ActivateWindow(Programs,"plugin://plugin.program.super.favourites/?label=More+YouTube&amp;mode=400&amp;path=special%3A%2F%2Fprofile%2Faddon_data%2Fplugin.program.super.favourites%2FSuper+Favourites%5CBuild+Menus%5CMore+YouTube&amp;image=special%3A%2F%2Fhome%2Faddons%5Cplugin.video.youtube%5Cicon.png&amp;fanart=special%3A%2F%2Fhome%2Faddons%5Cplugin.video.youtube%5Cfanart.jpg&amp;content_type=",return)</action>
	</shortcut>
	<shortcut>
		<defaultID />
		<label>Arrakis</label>
		<label2>Custom item</label2>
		<icon>DefaultShortcut.png</icon>
		<thumb />
		<action>ActivateWindow(Videos,"plugin://plugin.video.arrakis",return)</action>
	</shortcut>
	<shortcut>
		<defaultID />
		<label>Elektra Vault</label>
		<label2>Custom item</label2>
		<icon>DefaultShortcut.png</icon>
		<thumb />
		<action>ActivateWindow(Videos,"plugin://plugin.video.Elektra_Vault",return)</action>
	</shortcut>
	<shortcut>
		<defaultID />
		<label>Eyasses</label>
		<label2>Custom item</label2>
		<icon>DefaultShortcut.png</icon>
		<thumb />
		<action>ActivateWindow(Videos,"plugin://plugin.video.pauls_world",return)</action>
	</shortcut>
	<shortcut>
		<defaultID />
		<label>Maverick TV</label>
		<label2>Custom item</label2>
		<icon>DefaultShortcut.png</icon>
		<thumb />
		<action>ActivateWindow(Videos,"plugin://plugin.video.MaverickTV",return)</action>
	</shortcut>
	<shortcut>
		<defaultID />
		<label>Merlin Project M</label>
		<label2>Custom item</label2>
		<icon>DefaultShortcut.png</icon>
		<thumb />
		<action>ActivateWindow(VideoLibrary,"plugin://plugin.video.projectm",return)</action>
	</shortcut>
	<shortcut>
		<defaultID />
		<label>More Power</label>
		<label2>Custom item</label2>
		<icon>DefaultShortcut.png</icon>
		<thumb />
		<action>noop</action>
		<disabled>True</disabled>
	</shortcut>
	<shortcut>
		<defaultID />
		<label>Nemesis (Stream Army)</label>
		<label2>Custom item</label2>
		<icon>DefaultShortcut.png</icon>
		<thumb />
		<action>ActivateWindow(Videos,"plugin://plugin.video.nemesis",return)</action>
		<disabled>True</disabled>
	</shortcut>
	<shortcut>
		<defaultID />
		<label>Skynet</label>
		<label2>Custom item</label2>
		<icon>DefaultShortcut.png</icon>
		<thumb />
		<action>ActivateWindow(Videos,"plugin://plugin.video.SkyNet",return)</action>
	</shortcut>
	<shortcut>
		<defaultID />
		<label>Smith and Wesson</label>
		<label2>Custom item</label2>
		<icon>DefaultShortcut.png</icon>
		<thumb />
		<action>ActivateWindow(Videos,"plugin://plugin.video.swesson",return)</action>
	</shortcut>
	<shortcut>
		<defaultID />
		<label>Stream Hub</label>
		<label2>Custom item</label2>
		<icon>DefaultShortcut.png</icon>
		<thumb />
		<action>ActivateWindow(Videos,"plugin://plugin.video.streamhub",return)</action>
	</shortcut>
	<shortcut>
		<defaultID />
		<label>Supremacy</label>
		<label2>Custom item</label2>
		<icon>DefaultShortcut.png</icon>
		<thumb />
		<action>ActivateWindow(Videos,"plugin://plugin.video.SkyNet/?url=http%3A%2F%2Fstephen-builds.uk%2Fsupremacy%2Fhome.txt&amp;mode=1&amp;name=%5BCOLOR+white%5DSupremacy%5B%2FCOLOR%5D&amp;fanart=https%3A%2F%2Fi.imgur.com%2FLboMZjr.jpg",return)</action>
	</shortcut>
	<shortcut>
		<defaultID />
		<label>The Magic Dragon (Pyramid)</label>
		<label2>Custom item</label2>
		<icon>DefaultShortcut.png</icon>
		<thumb />
		<action>ActivateWindow(Videos,"plugin://plugin.video.themagicdragon",return)</action>
	</shortcut>
	<shortcut>
		<defaultID />
		<label>Titan</label>
		<label2>Custom item</label2>
		<icon>DefaultShortcut.png</icon>
		<thumb />
		<action>ActivateWindow(Videos,"plugin://plugin.video.titan",return)</action>
	</shortcut>
	<shortcut>
		<defaultID />
		<label>UK Turks</label>
		<label2>Custom item</label2>
		<icon>DefaultShortcut.png</icon>
		<thumb />
		<action>ActivateWindow(Videos,"plugin://plugin.video.ukturk",return)</action>
	</shortcut>
	<shortcut>
		<defaultID />
		<label>Uranus</label>
		<label2>Custom item</label2>
		<icon>DefaultShortcut.png</icon>
		<thumb />
		<action>ActivateWindow(Videos,"plugin://plugin.video.uranus",return)</action>
	</shortcut>
	<shortcut>
		<defaultID />
		<label>Wolfpack</label>
		<label2>Custom item</label2>
		<icon>DefaultShortcut.png</icon>
		<thumb />
		<action>ActivateWindow(Videos,"plugin://plugin.video.wolfpack",return)</action>
	</shortcut>
	<shortcut>
		<defaultID />
		<label>YouTube</label>
		<label2>Custom item</label2>
		<icon>DefaultShortcut.png</icon>
		<thumb />
		<action>ActivateWindow(VideoLibrary,"plugin://plugin.video.youtube",return)</action>
	</shortcut>
	<shortcut>
		<defaultID />
		<label>YouTube Vault</label>
		<label2>Custom item</label2>
		<icon>DefaultShortcut.png</icon>
		<thumb />
		<action>ActivateWindow(Videos,"plugin://plugin.video.YouTube_Vault",return)</action>
	</shortcut>
</shortcuts>
