<?xml version='1.0' encoding='UTF-8'?>
<shortcuts>
	<shortcut>
		<defaultID>135</defaultID>
		<label>[B][COLOR white]Addon List[/COLOR][/B]</label>
		<label2>Custom item</label2>
		<icon>DefaultShortcut.png</icon>
		<thumb />
		<action>ActivateWindow(Programs,"plugin://plugin.program.super.favourites/?label=Movies&amp;mode=400&amp;path=special%3A%2F%2Fprofile%2Faddon_data%2Fplugin.program.super.favourites%2FSuper+Favourites%2FBuild+Menus%2FMovies&amp;image=%2FUsers%2FJason%2FLibrary%2FApplication+Support%2FKodi%2Faddons%2Fplugin.program.super.favourites%2Ficon.png&amp;fanart=%2FUsers%2FJason%2FLibrary%2FApplication+Support%2FKodi%2Faddons%2Fplugin.program.super.favourites%2Ffanart.jpg&amp;content_type=",return)</action>
	</shortcut>
	<shortcut>
		<defaultID>20459</defaultID>
		<label>[COLOR aqua]Search[/COLOR]</label>
		<label2>Custom item</label2>
		<icon>DefaultShortcut.png</icon>
		<thumb />
		<action>ActivateWindow(Programs,"plugin://plugin.program.super.favourites/?label=Search+Movies&amp;mode=400&amp;path=special%3A%2F%2Fprofile%2Faddon_data%2Fplugin.program.super.favourites%2FSuper+Favourites%2FBuild+Menus%2FSearch+Movies&amp;image=%2FUsers%2FJason%2FLibrary%2FApplication+Support%2FKodi%2Faddons%2Fplugin.program.super.favourites%2Ficon.png&amp;fanart=%2FUsers%2FJason%2FLibrary%2FApplication+Support%2FKodi%2Faddons%2Fplugin.program.super.favourites%2Ffanart.jpg&amp;content_type=",return)</action>
	</shortcut>
	<shortcut>
		<defaultID>575</defaultID>
		<label>MovieDB</label>
		<label2>Custom item</label2>
		<icon>DefaultShortcut.png</icon>
		<thumb />
		<action>ActivateWindow(Videos,"plugin://script.extendedinfo/tmdb",return)</action>
	</shortcut>
	<shortcut>
		<defaultID />
		<label>[COLOR lime]Collections[/COLOR]</label>
		<label2>Custom item</label2>
		<icon>DefaultShortcut.png</icon>
		<thumb />
		<action>ActivateWindow(Programs,"plugin://plugin.program.super.favourites/?label=Movies+Collections&amp;mode=400&amp;path=special%3A%2F%2Fprofile%2Faddon_data%2Fplugin.program.super.favourites%2FSuper+Favourites%5CBuild+Menus%5CCollections%5CMovies+Collections&amp;image=http%3A%2F%2Fwww.bleedingcool.com%2Fwp-content%2Fuploads%2F2011%2F05%2Fstar-wars-4-to-6.jpg&amp;fanart=http%3A%2F%2Fi65.tinypic.com%2F2qi0kec.jpg&amp;content_type=",return)</action>
	</shortcut>
	<shortcut>
		<defaultID />
		<label>[COLOR aqua]HD Movies[/COLOR]</label>
		<label2>Custom item</label2>
		<icon>DefaultShortcut.png</icon>
		<thumb />
		<action>ActivateWindow(Programs,"plugin://plugin.program.super.favourites/?label=Movies+HD&amp;mode=400&amp;path=special%3A%2F%2Fprofile%2Faddon_data%2Fplugin.program.super.favourites%2FSuper+Favourites%2FBuild+Menus%2FMovies+HD&amp;image=%2FUsers%2FJason%2FLibrary%2FApplication+Support%2FKodi%2Faddons%2Fplugin.program.super.favourites%2Ficon.png&amp;fanart=%2FUsers%2FJason%2FLibrary%2FApplication+Support%2FKodi%2Faddons%2Fplugin.program.super.favourites%2Ffanart.jpg&amp;content_type=",return)</action>
	</shortcut>
	<shortcut>
		<defaultID />
		<label>[COLOR darkorange]3D Movies[/COLOR]</label>
		<label2>Custom item</label2>
		<icon>DefaultShortcut.png</icon>
		<thumb />
		<action>ActivateWindow(Programs,"plugin://plugin.program.super.favourites/?label=Movies+3D&amp;mode=400&amp;path=special%3A%2F%2Fprofile%2Faddon_data%2Fplugin.program.super.favourites%2FSuper+Favourites%2FBuild+Menus%2FMovies+3D&amp;image=%2FUsers%2FJason%2FLibrary%2FApplication+Support%2FKodi%2Faddons%2Fplugin.program.super.favourites%2Ficon.png&amp;fanart=%2FUsers%2FJason%2FLibrary%2FApplication+Support%2FKodi%2Faddons%2Fplugin.program.super.favourites%2Ffanart.jpg&amp;content_type=",return)</action>
	</shortcut>
	<shortcut>
		<defaultID />
		<label>[COLOR white]Real Debrid[/COLOR]</label>
		<label2>Custom item</label2>
		<icon>DefaultShortcut.png</icon>
		<thumb />
		<action>ActivateWindow(Programs,"plugin://plugin.program.super.favourites/?label=Movies+Real+Debrid&amp;mode=400&amp;path=special%3A%2F%2Fprofile%2Faddon_data%2Fplugin.program.super.favourites%2FSuper+Favourites%5CBuild+Menus%5CMovies+Real+Debrid&amp;image=C%3A%5CUsers%5CALSystems%5CDesktop%5CKodi173%5Cportable_data%5Caddons%5Cplugin.program.super.favourites%5Cicon.png&amp;fanart=C%3A%5CUsers%5CALSystems%5CDesktop%5CKodi173%5Cportable_data%5Caddons%5Cplugin.program.super.favourites%5Cfanart.jpg&amp;content_type=",return)</action>
	</shortcut>
	<shortcut>
		<defaultID />
		<label>[COLOR magenta]Boxsets[/COLOR]</label>
		<label2>Custom item</label2>
		<icon>DefaultShortcut.png</icon>
		<thumb />
		<action>ActivateWindow(Programs,"plugin://plugin.program.super.favourites/?label=Movies+Boxsets&amp;mode=400&amp;path=special%3A%2F%2Fprofile%2Faddon_data%2Fplugin.program.super.favourites%2FSuper+Favourites%2FBuild+Menus%2FMovies+Boxsets&amp;image=%2FUsers%2FJason%2FLibrary%2FApplication+Support%2FKodi%2Faddons%2Fplugin.program.super.favourites%2Ficon.png&amp;fanart=%2FUsers%2FJason%2FLibrary%2FApplication+Support%2FKodi%2Faddons%2Fplugin.program.super.favourites%2Ffanart.jpg&amp;content_type=",return)</action>
	</shortcut>
	<shortcut>
		<defaultID />
		<label>[COLOR gold]Movie Stars[/COLOR]</label>
		<label2>Custom item</label2>
		<icon>DefaultShortcut.png</icon>
		<thumb />
		<action>ActivateWindow(Programs,"plugin://plugin.program.super.favourites/?label=Walk+of+Fame&amp;mode=400&amp;path=special%3A%2F%2Fprofile%2Faddon_data%2Fplugin.program.super.favourites%2FSuper+Favourites%5CBuild+Menus%5CHer+Place%5CWalk+of+Fame&amp;image=http%3A%2F%2F178.32.217.111%2Freloaded%2Ficons%2FWalk%2520of%2520Fame%2FWalk%2520of%2520Fame%2520Actor%2520PNG.png&amp;fanart=special%3A%2F%2Fhome%2Faddons%5Cplugin.video.oculus%5Cfanart.jpg&amp;content_type=",return)</action>
	</shortcut>
	<shortcut>
		<defaultID />
		<label>Exodux Redux</label>
		<label2>Custom item</label2>
		<icon>DefaultShortcut.png</icon>
		<thumb />
		<action>ActivateWindow(Videos,"plugin://plugin.video.exodusredux/?action=movieNavigator",return)</action>
	</shortcut>
	<shortcut>
		<defaultID />
		<label>Yoda (Placenta)</label>
		<label2>Custom item</label2>
		<icon>DefaultShortcut.png</icon>
		<thumb />
		<action>ActivateWindow(Videos,"plugin://plugin.video.Yoda/?action=movieNavigator",return)</action>
		<disabled>True</disabled>
	</shortcut>
	<shortcut>
		<defaultID />
		<label>Arrakis</label>
		<label2>Custom item</label2>
		<icon>DefaultShortcut.png</icon>
		<thumb />
		<action>ActivateWindow(Videos,"plugin://plugin.video.arrakis",return)</action>
	</shortcut>
	<shortcut>
		<defaultID />
		<label>Covenant</label>
		<label2>Custom item</label2>
		<icon>DefaultShortcut.png</icon>
		<thumb />
		<action>ActivateWindow(Videos,"plugin://plugin.video.covenant/?action=movieNavigator",return)</action>
		<disabled>True</disabled>
	</shortcut>
	<shortcut>
		<defaultID />
		<label>Death Streams (SALTS)</label>
		<label2>Custom item</label2>
		<icon>DefaultShortcut.png</icon>
		<thumb />
		<action>ActivateWindow(Videos,"plugin://plugin.video.blamo/?section=Movies&amp;mode=browse",return)</action>
		<disabled>True</disabled>
	</shortcut>
	<shortcut>
		<defaultID />
		<label>Elektra Vault</label>
		<label2>Custom item</label2>
		<icon>DefaultShortcut.png</icon>
		<thumb />
		<action>ActivateWindow(Videos,"plugin://plugin.video.Elektra_Vault",return)</action>
	</shortcut>
	<shortcut>
		<defaultID />
		<label>Elysium Lite (Zen)</label>
		<label2>Custom item</label2>
		<icon>DefaultShortcut.png</icon>
		<thumb />
		<action>ActivateWindow(Videos,"plugin://plugin.video.elysiumlite/?mode=get_list&amp;url=file%3A%2F%2Fmovies.xml&amp;name=Movies&amp;iconimage=https%3A%2F%2Fraw.githubusercontent.com%2FOpenELEQ%2Frepository.elysium%2Fmaster%2Fimages%2FDefault%2Fmovies.png&amp;fanart=C%3A%5CUsers%5CALSystems%5CDesktop%5CKodi173%5Cportable_data%5Caddons%5Cplugin.video.elysiumlite%5Cfanart.jpg&amp;description=No+information+available",return)</action>
	</shortcut>
	<shortcut>
		<defaultID />
		<label>Elysium (Zen)</label>
		<label2>Video Add-On</label2>
		<icon>DefaultShortcut.png</icon>
		<thumb>image://C%3a%5cUsers%5cALSystems%5cDesktop%5cKodi170%5cportable_data%5caddons%5cscript.elysium.artwork%5cresources%5cmedia%5celysium%5cmovies.png/</thumb>
		<action>ActivateWindow(Videos,"plugin://plugin.video.elysium/?action=movieNavigator",return)</action>
		<disabled>True</disabled>
	</shortcut>
	<shortcut>
		<defaultID />
		<label>Eyasses</label>
		<label2>Custom item</label2>
		<icon>DefaultShortcut.png</icon>
		<thumb />
		<action>ActivateWindow(Videos,"plugin://plugin.video.pauls_world",return)</action>
	</shortcut>
	<shortcut>
		<defaultID />
		<label>Maverick TV</label>
		<label2>Custom item</label2>
		<icon>DefaultShortcut.png</icon>
		<thumb />
		<action>ActivateWindow(Videos,"plugin://plugin.video.MaverickTV",return)</action>
	</shortcut>
	<shortcut>
		<defaultID />
		<label>Metalliq</label>
		<label2>Custom item</label2>
		<icon>DefaultShortcut.png</icon>
		<thumb />
		<action>ActivateWindow(VideoLibrary,"plugin://plugin.video.metalliq/movies",return)</action>
	</shortcut>
	<shortcut>
		<defaultID />
		<label>Nemesis (Stream Army)</label>
		<label2>Custom item</label2>
		<icon>DefaultShortcut.png</icon>
		<thumb />
		<action>ActivateWindow(Videos,"plugin://plugin.video.nemesis/?url=https%3A%2F%2Fpastebin.com%2Fraw%2FUUMb0y72&amp;mode=1&amp;name=%5BCOLOR+yellow%5DM%5BCOLOR+aqua%5Dovie+Zone%5B%2FCOLOR%5D&amp;iconimage=C%3A%5CUsers%5CALSystems%5CDesktop%5CKodi173%5Cportable_data%5Caddons%5Cplugin.video.nemesis%5Cicon.png&amp;fanart=C%3A%5CUsers%5CALSystems%5CDesktop%5CKodi173%5Cportable_data%5Caddons%5Cplugin.video.nemesis%5Cfanart.jpg&amp;description=",return)</action>
	</shortcut>
	<shortcut>
		<defaultID />
		<label>Neptune Rising</label>
		<label2>Custom item</label2>
		<icon>DefaultShortcut.png</icon>
		<thumb />
		<action>ActivateWindow(Videos,"plugin://plugin.video.neptune/?action=movieNavigator",return)</action>
	</shortcut>
	<shortcut>
		<defaultID />
		<label>Release HUB</label>
		<label2>Custom item</label2>
		<icon>DefaultShortcut.png</icon>
		<thumb />
		<action>ActivateWindow(Videos,"plugin://plugin.video.theyidrh/?mode=menu2",return)</action>
	</shortcut>
	<shortcut>
		<defaultID />
		<label>Skynet</label>
		<label2>Custom item</label2>
		<icon>DefaultShortcut.png</icon>
		<thumb />
		<action>ActivateWindow(Videos,"plugin://plugin.video.SkyNet",return)</action>
	</shortcut>
	<shortcut>
		<defaultID />
		<label>Stream Hub</label>
		<label2>Custom item</label2>
		<icon>DefaultShortcut.png</icon>
		<thumb />
		<action>ActivateWindow(Videos,"plugin://plugin.video.streamhub/?action=movieNavigator",return)</action>
	</shortcut>
	<shortcut>
		<defaultID />
		<label>Supremacy</label>
		<label2>Custom item</label2>
		<icon>DefaultShortcut.png</icon>
		<thumb />
		<action>ActivateWindow(Videos,"plugin://plugin.video.SkyNet/?url=http%3A%2F%2Fstephen-builds.uk%2Fsupremacy%2Fhome.txt&amp;mode=1&amp;name=%5BCOLOR+white%5DSupremacy%5B%2FCOLOR%5D&amp;fanart=https%3A%2F%2Fi.imgur.com%2FLboMZjr.jpg",return)</action>
	</shortcut>
	<shortcut>
		<defaultID />
		<label>The Magic Dragon (Pyramid)</label>
		<label2>Custom item</label2>
		<icon>DefaultShortcut.png</icon>
		<thumb />
		<action>ActivateWindow(Videos,"plugin://plugin.video.themagicdragon/?url=http%3A%2F%2Fsupremacy.org.uk%2Ftombraider%2Fdogsbollocks%2Fmoviezone.txt&amp;mode=1&amp;name=%5BB%5D%5BI%5D%5BCOLORpink%5DMovies%5B%2FB%5D%5B%2FI%5D%5B%2FCOLOR%5D&amp;fanart=https%3A%2F%2Fimages2.alphacoders.com%2F121%2F121150.jpg",return)</action>
	</shortcut>
	<shortcut>
		<defaultID />
		<label>Titan</label>
		<label2>Custom item</label2>
		<icon>DefaultShortcut.png</icon>
		<thumb />
		<action>ActivateWindow(Videos,"plugin://plugin.video.titan",return)</action>
	</shortcut>
	<shortcut>
		<defaultID />
		<label>UK Turks</label>
		<label2>Custom item</label2>
		<icon>DefaultShortcut.png</icon>
		<thumb />
		<action>ActivateWindow(Videos,"plugin://plugin.video.ukturk/?url=http%3A%2F%2Faddoncloud.org%2Fukturk%2FUKTurk%2Fmovies%2FIndex.txt&amp;mode=1&amp;name=Movies&amp;description=&amp;fanart=C%3A%5CUsers%5CALSystems%5CDesktop%5CKodi173%5Cportable_data%5Caddons%5Cplugin.video.ukturk%5Cfanart.jpg&amp;iconimage=http%3A%2F%2Faddoncloud.org%2Fukturk%2FUKTurk%2Fthumbs%2Fnew%2FUk%2520turk%2520thumbnails%2520movies1.jpg",return)</action>
	</shortcut>
	<shortcut>
		<defaultID />
		<label>Uranus (Elysium)</label>
		<label2>Custom item</label2>
		<icon>DefaultShortcut.png</icon>
		<thumb />
		<action>ActivateWindow(Videos,"plugin://plugin.video.uranus",return)</action>
	</shortcut>
	<shortcut>
		<defaultID />
		<label>YouTube</label>
		<label2>Custom item</label2>
		<icon>DefaultShortcut.png</icon>
		<thumb />
		<action>ActivateWindow(Videos,"plugin://plugin.video.youtube",return)</action>
	</shortcut>
</shortcuts>
