<?xml version='1.0' encoding='UTF-8'?>
<shortcuts>
	<shortcut>
		<defaultID />
		<label>[COLOR white][B]Addon List[/B][/COLOR]</label>
		<label2>Custom item</label2>
		<icon>DefaultShortcut.png</icon>
		<thumb />
		<action>ActivateWindow(Programs,"plugin://plugin.program.super.favourites/?label=Music&amp;mode=400&amp;path=special%3A%2F%2Fprofile%2Faddon_data%2Fplugin.program.super.favourites%2FSuper+Favourites%2FBuild+Menus%2FMusic&amp;image=special%3A%2F%2Fhome%2Faddons%2Fplugin.video.concertarchive%2Ficon.png&amp;fanart=special%3A%2F%2Fhome%2Faddons%2Fplugin.video.concertarchive%2Ffanart.jpg&amp;content_type=",return)</action>
	</shortcut>
	<shortcut>
		<defaultID />
		<label>[COLOR aqua]Search[/COLOR]</label>
		<label2>Custom item</label2>
		<icon>DefaultShortcut.png</icon>
		<thumb />
		<action>ActivateWindow(Programs,"plugin://plugin.program.super.favourites/?label=Search+Music&amp;mode=400&amp;path=special%3A%2F%2Fprofile%2Faddon_data%2Fplugin.program.super.favourites%2FSuper+Favourites%2FBuild+Menus%2FSearch+Music&amp;image=%2FUsers%2FJason%2FLibrary%2FApplication+Support%2FKodi%2Faddons%2Fplugin.program.super.favourites%2Ficon.png&amp;fanart=%2FUsers%2FJason%2FLibrary%2FApplication+Support%2FKodi%2Faddons%2Fplugin.program.super.favourites%2Ffanart.jpg&amp;content_type=",return)</action>
	</shortcut>
	<shortcut>
		<defaultID />
		<label>[COLOR gold]MP3 Streams[/COLOR]</label>
		<label2>Custom item</label2>
		<icon>DefaultShortcut.png</icon>
		<thumb>image://%2fUsers%2fJon%2fLibrary%2fApplication%20Support%2fKodi%2faddons%2fplugin.audio.mp3streams%2fart%2fartists.jpg/</thumb>
		<action>ActivateWindow(MusicLibrary,"plugin://plugin.audio.mp3streams",return)</action>
	</shortcut>
	<shortcut>
		<defaultID />
		<label>Pulse Beats</label>
		<label2>Custom item</label2>
		<icon>DefaultShortcut.png</icon>
		<thumb />
		<action>ActivateWindow(VideoLibrary,"plugin://plugin.video.pulsebeats",return)</action>
		<disabled>True</disabled>
	</shortcut>
	<shortcut>
		<defaultID />
		<label>[COLOR lime]Music Videos[/COLOR]</label>
		<label2>Custom item</label2>
		<icon>DefaultShortcut.png</icon>
		<thumb />
		<action>ActivateWindow(Programs,"plugin://plugin.program.super.favourites/?label=Music+Videos&amp;mode=400&amp;path=special%3A%2F%2Fprofile%2Faddon_data%2Fplugin.program.super.favourites%2FSuper+Favourites%2FBuild+Menus%2FMusic+Videos&amp;image=special%3A%2F%2Fhome%2Faddons%2Fplugin.video.80smusicvideos%2Ficon.png&amp;fanart=%2FUsers%2FJason%2FLibrary%2FApplication+Support%2FKodi%2Faddons%2Fplugin.program.super.favourites%2Ffanart.jpg&amp;content_type=",return)</action>
	</shortcut>
	<shortcut>
		<defaultID />
		<label>[COLOR aqua]Radio[/COLOR]</label>
		<label2>Custom item</label2>
		<icon>DefaultShortcut.png</icon>
		<thumb />
		<action>ActivateWindow(Programs,"plugin://plugin.program.super.favourites/?label=Music+Radio&amp;mode=400&amp;path=special%3A%2F%2Fprofile%2Faddon_data%2Fplugin.program.super.favourites%2FSuper+Favourites%5CBuild+Menus%5CMusic+Radio&amp;image=special%3A%2F%2Fhome%2Faddons%2Fplugin.video.allinone%2Ficons%2Fradio.png&amp;fanart=special%3A%2F%2Fhome%2Faddons%2Fplugin.video.allinone%2Ficons%2Ffanart.png&amp;content_type=",return)</action>
	</shortcut>
	<shortcut>
		<defaultID />
		<label>[COLOR darkorange]Concerts[/COLOR]</label>
		<label2>Custom item</label2>
		<icon>DefaultShortcut.png</icon>
		<thumb>image://http%3a%2f%2fmetalkettle.co%2fUKTurk18022016%2fthumbs%2fnew%2fUk%2520turk%2520thumbnails%2520radio.jpg/</thumb>
		<action>ActivateWindow(Programs,"plugin://plugin.program.super.favourites/?label=Music+Concerts&amp;mode=400&amp;path=special%3A%2F%2Fprofile%2Faddon_data%2Fplugin.program.super.favourites%2FSuper+Favourites%5CBuild+Menus%5CMusic+Concerts&amp;image=http%3A%2F%2Fredphire.com%2Fupload%2Fconcerts_banner1.jpg&amp;fanart=special%3A%2F%2Fhome%2Faddons%2Fplugin.video.sanctuary%2Ffanart.jpg&amp;content_type=",return)</action>
	</shortcut>
	<shortcut>
		<defaultID />
		<label>MetalliQ</label>
		<label2>Custom item</label2>
		<icon>DefaultShortcut.png</icon>
		<thumb />
		<action>ActivateWindow(Videos,"plugin://plugin.video.metalliq/music",return)</action>
	</shortcut>
</shortcuts>
