<?xml version='1.0' encoding='UTF-8'?>
<shortcuts>
	<shortcut>
		<defaultID />
		<label>All</label>
		<label2>Custom item</label2>
		<icon>DefaultShortcut.png</icon>
		<thumb />
		<action>ActivateWindow(Programs,"plugin://plugin.program.super.favourites/?label=NetworksEL+All&amp;mode=400&amp;path=special%3A%2F%2Fprofile%2Faddon_data%2Fplugin.program.super.favourites%2FSuper+Favourites%5CBuild+Menus%5CNetworksEL+All&amp;image=special%3A%2F%2Fhome%2Faddons%5Cplugin.video.elysiumlite%5Cicon.png&amp;fanart=special%3A%2F%2Fhome%2Faddons%5Cplugin.video.elysiumlite%5Cfanart.jpg&amp;content_type=",return)</action>
	</shortcut>
	<shortcut>
		<defaultID />
		<label>USA</label>
		<label2>Custom item</label2>
		<icon>DefaultShortcut.png</icon>
		<thumb />
		<action>ActivateWindow(Programs,"plugin://plugin.program.super.favourites/?label=NetworksEL+USA&amp;mode=400&amp;path=special%3A%2F%2Fprofile%2Faddon_data%2Fplugin.program.super.favourites%2FSuper+Favourites%5CBuild+Menus%5CNetworksEL+USA&amp;image=special%3A%2F%2Fhome%2Faddons%5Cplugin.video.elysiumlite%5Cicon.png&amp;fanart=special%3A%2F%2Fhome%2Faddons%5Cplugin.video.elysiumlite%5Cfanart.jpg&amp;content_type=",return)</action>
	</shortcut>
	<shortcut>
		<defaultID />
		<label>UK</label>
		<label2>Custom item</label2>
		<icon>DefaultShortcut.png</icon>
		<thumb />
		<action>ActivateWindow(Programs,"plugin://plugin.program.super.favourites/?label=NetworksEL+UK&amp;mode=400&amp;path=special%3A%2F%2Fprofile%2Faddon_data%2Fplugin.program.super.favourites%2FSuper+Favourites%5CBuild+Menus%5CNetworksEL+UK&amp;image=special%3A%2F%2Fhome%2Faddons%5Cplugin.video.elysiumlite%5Cicon.png&amp;fanart=special%3A%2F%2Fhome%2Faddons%5Cplugin.video.elysiumlite%5Cfanart.jpg&amp;content_type=",return)</action>
	</shortcut>
	<shortcut>
		<defaultID />
		<label>News</label>
		<label2>Custom item</label2>
		<icon>DefaultShortcut.png</icon>
		<thumb />
		<action>ActivateWindow(Programs,"plugin://plugin.program.super.favourites/?label=NetworksEL+News&amp;mode=400&amp;path=special%3A%2F%2Fprofile%2Faddon_data%2Fplugin.program.super.favourites%2FSuper+Favourites%5CBuild+Menus%5CNetworksEL+News&amp;image=special%3A%2F%2Fhome%2Faddons%5Cplugin.video.elysiumlite%5Cicon.png&amp;fanart=special%3A%2F%2Fhome%2Faddons%5Cplugin.video.elysiumlite%5Cfanart.jpg&amp;content_type=",return)</action>
	</shortcut>
	<shortcut>
		<defaultID />
		<label>Popular</label>
		<label2>Custom item</label2>
		<icon>DefaultShortcut.png</icon>
		<thumb />
		<action>ActivateWindow(Programs,"plugin://plugin.program.super.favourites/?label=NetworksEL+Popular&amp;mode=400&amp;path=special%3A%2F%2Fprofile%2Faddon_data%2Fplugin.program.super.favourites%2FSuper+Favourites%5CBuild+Menus%5CNetworksEL+Popular&amp;image=special%3A%2F%2Fhome%2Faddons%5Cplugin.video.elysiumlite%5Cicon.png&amp;fanart=special%3A%2F%2Fhome%2Faddons%5Cplugin.video.elysiumlite%5Cfanart.jpg&amp;content_type=",return)</action>
	</shortcut>
	<shortcut>
		<defaultID />
		<label>More</label>
		<label2>Custom item</label2>
		<icon>DefaultShortcut.png</icon>
		<thumb />
		<action>ActivateWindow(Programs,"plugin://plugin.program.super.favourites/?label=NetworksEL+More&amp;mode=400&amp;path=special%3A%2F%2Fprofile%2Faddon_data%2Fplugin.program.super.favourites%2FSuper+Favourites%5CBuild+Menus%5CNetworksEL+More&amp;image=C%3A%5CUsers%5CALSystems%5CDesktop%5CKodi173%5Cportable_data%5Caddons%5Cplugin.program.super.favourites%5Cicon.png&amp;fanart=C%3A%5CUsers%5CALSystems%5CDesktop%5CKodi173%5Cportable_data%5Caddons%5Cplugin.program.super.favourites%5Cfanart.jpg&amp;content_type=",return)</action>
	</shortcut>
</shortcuts>
