<?xml version='1.0' encoding='UTF-8'?>
<shortcuts>
	<shortcut>
		<defaultID />
		<label>All</label>
		<label2>Custom item</label2>
		<icon>DefaultShortcut.png</icon>
		<thumb />
		<action>ActivateWindow(Programs,"plugin://plugin.program.super.favourites/?label=NetworksE+All&amp;mode=400&amp;path=special%3A%2F%2Fprofile%2Faddon_data%2Fplugin.program.super.favourites%2FSuper+Favourites%5CBuild+Menus%5CNetworksE+All&amp;image=special%3A%2F%2Fhome%2Faddons%5Cscript.elysium.artwork%5Cresources%5Cmedia%5CDefault%5Cnetworks.png&amp;fanart=special%3A%2F%2Fhome%2Faddons%5Cscript.elysium.artwork%5Cresources%5Cmedia%5CDefault%5Cfanart.jpg&amp;content_type=",return)</action>
	</shortcut>
	<shortcut>
		<defaultID />
		<label>USA</label>
		<label2>Custom item</label2>
		<icon>DefaultShortcut.png</icon>
		<thumb />
		<action>ActivateWindow(Programs,"plugin://plugin.program.super.favourites/?label=NetworksE+USA&amp;mode=400&amp;path=special%3A%2F%2Fprofile%2Faddon_data%2Fplugin.program.super.favourites%2FSuper+Favourites%5CBuild+Menus%5CNetworksE+USA&amp;image=special%3A%2F%2Fhome%2Faddons%5Cscript.elysium.artwork%5Cresources%5Cmedia%5CDefault%5Cnetworks.png&amp;fanart=special%3A%2F%2Fhome%2Faddons%5Cscript.elysium.artwork%5Cresources%5Cmedia%5CDefault%5Cfanart.jpg&amp;content_type=",return)</action>
	</shortcut>
	<shortcut>
		<defaultID />
		<label>UK</label>
		<label2>Custom item</label2>
		<icon>DefaultShortcut.png</icon>
		<thumb />
		<action>ActivateWindow(Programs,"plugin://plugin.program.super.favourites/?label=NetworksE+UK&amp;mode=400&amp;path=special%3A%2F%2Fprofile%2Faddon_data%2Fplugin.program.super.favourites%2FSuper+Favourites%5CBuild+Menus%5CNetworksE+UK&amp;image=special%3A%2F%2Fhome%2Faddons%5Cscript.elysium.artwork%5Cresources%5Cmedia%5CDefault%5Cnetworks.png&amp;fanart=special%3A%2F%2Fhome%2Faddons%5Cscript.elysium.artwork%5Cresources%5Cmedia%5CDefault%5Cfanart.jpg&amp;content_type=",return)</action>
	</shortcut>
	<shortcut>
		<defaultID />
		<label>News</label>
		<label2>Custom item</label2>
		<icon>DefaultShortcut.png</icon>
		<thumb />
		<action>ActivateWindow(Programs,"plugin://plugin.program.super.favourites/?label=NetworksE+News&amp;mode=400&amp;path=special%3A%2F%2Fprofile%2Faddon_data%2Fplugin.program.super.favourites%2FSuper+Favourites%5CBuild+Menus%5CNetworksE+News&amp;image=special%3A%2F%2Fhome%2Faddons%5Cscript.elysium.artwork%5Cresources%5Cmedia%5CDefault%5Cnetworks.png&amp;fanart=special%3A%2F%2Fhome%2Faddons%5Cscript.elysium.artwork%5Cresources%5Cmedia%5CDefault%5Cfanart.jpg&amp;content_type=",return)</action>
	</shortcut>
	<shortcut>
		<defaultID />
		<label>Popular</label>
		<label2>Custom item</label2>
		<icon>DefaultShortcut.png</icon>
		<thumb />
		<action>ActivateWindow(Programs,"plugin://plugin.program.super.favourites/?label=NetworksE+Popular&amp;mode=400&amp;path=special%3A%2F%2Fprofile%2Faddon_data%2Fplugin.program.super.favourites%2FSuper+Favourites%5CBuild+Menus%5CNetworksE+Popular&amp;image=special%3A%2F%2Fhome%2Faddons%5Cscript.elysium.artwork%5Cresources%5Cmedia%5CDefault%5Cnetworks.png&amp;fanart=special%3A%2F%2Fhome%2Faddons%5Cscript.elysium.artwork%5Cresources%5Cmedia%5CDefault%5Cfanart.jpg&amp;content_type=",return)</action>
	</shortcut>
</shortcuts>
