<?xml version='1.0' encoding='UTF-8'?>
<shortcuts>
	<shortcut>
		<defaultID />
		<label>[COLOR lime]V11.9[/COLOR]</label>
		<label2>Custom item</label2>
		<icon>DefaultShortcut.png</icon>
		<thumb />
		<action>ActivateWindow(Programs,"plugin://plugin.video.nolimitswizard18",return)</action>
	</shortcut>
	<shortcut>
		<defaultID>forceclosekodi</defaultID>
		<label>[COLOR yellow]Force Close[/COLOR]</label>
		<label2>Favourite</label2>
		<icon />
		<thumb />
		<action>PlayMedia("plugin://plugin.program.totalinstaller/?url=url&amp;mode=kill_xbmc&amp;name=Force+Close+Kodi&amp;iconimage=&amp;fanart=&amp;video=&amp;description=",return)</action>
	</shortcut>
	<shortcut>
		<defaultID />
		<label>[COLOR aqua]Quit &amp; Save[/COLOR]</label>
		<label2>Custom item</label2>
		<icon>DefaultShortcut.png</icon>
		<thumb />
		<action>Quit</action>
	</shortcut>
	<shortcut>
		<defaultID />
		<label>Sleep</label>
		<label2>Custom item</label2>
		<icon>DefaultShortcut.png</icon>
		<thumb />
		<action>Suspend</action>
	</shortcut>
	<shortcut>
		<defaultID />
		<label>Power Off</label>
		<label2>Custom item</label2>
		<icon>DefaultShortcut.png</icon>
		<thumb />
		<action>PowerDown</action>
	</shortcut>
	<shortcut>
		<defaultID />
		<label>Reboot</label>
		<label2>Custom item</label2>
		<icon>DefaultShortcut.png</icon>
		<thumb />
		<action>Reboot</action>
	</shortcut>
</shortcuts>
