<?xml version='1.0' encoding='UTF-8'?>
<shortcuts>
	<shortcut>
		<defaultID />
		<label>[COLOR white][B]Addon List[/B][/COLOR]</label>
		<label2>Custom item</label2>
		<icon>DefaultShortcut.png</icon>
		<thumb />
		<action>ActivateWindow(Programs,"plugin://plugin.program.super.favourites/?label=__Sports+Addons&amp;mode=400&amp;path=special%3A%2F%2Fprofile%2Faddon_data%2Fplugin.program.super.favourites%2FSuper+Favourites%5CBuild+Menus%5CSports+WidgetB%5C__Sports+Addons&amp;image=https%3A%2F%2Fs30.postimg.org%2Fzcyfrrm7j%2Fmicsports.png&amp;fanart=http%3A%2F%2Fgamerlimit.com%2Fwp-content%2Fuploads%2F2016%2F04%2Foriginal.jpg&amp;content_type=",return)</action>
	</shortcut>
	<shortcut>
		<defaultID />
		<label>Live Sports</label>
		<label2>Custom item</label2>
		<icon>DefaultShortcut.png</icon>
		<thumb />
		<action>ActivateWindow(Programs,"plugin://plugin.program.super.favourites/?label=__Sports+Live&amp;mode=400&amp;path=special%3A%2F%2Fprofile%2Faddon_data%2Fplugin.program.super.favourites%2FSuper+Favourites%5CBuild+Menus%5CSports+WidgetB%5C__Sports+Live&amp;image=https%3A%2F%2Flh3.googleusercontent.com%2F--f_zuMGwiEk%2FWPoRhBTGMPI%2FAAAAAAAAXDo%2FsRp1cOzxuyoyVX3JkINGrljGIfZ4QB2pQCK8B%2Fs200%2F1goodfellassports.png&amp;fanart=http%3A%2F%2Fwww.pixhoster.info%2Ff%2F2016-09%2F2090af2b0fcb99445142f90601a4ef8e.png&amp;content_type=",return)</action>
	</shortcut>
	<shortcut>
		<defaultID />
		<label>MLB</label>
		<label2>Custom item</label2>
		<icon>DefaultShortcut.png</icon>
		<thumb />
		<action>ActivateWindow(Programs,"plugin://plugin.program.super.favourites/?label=_MLB&amp;mode=400&amp;path=special%3A%2F%2Fprofile%2Faddon_data%2Fplugin.program.super.favourites%2FSuper+Favourites%5CBuild+Menus%5CSports+WidgetB%5C_MLB&amp;image=http%3A%2F%2Fjed.one%2Fbackgrounds%2Ficons%2Fmlbfolder.png&amp;fanart=http%3A%2F%2Fjed.one%2Fbackgrounds%2FSports%2FMLB_nologo_9hxv928z_mvvwjea8.jpg&amp;content_type=",return)</action>
	</shortcut>
	<shortcut>
		<defaultID />
		<label>NBA</label>
		<label2>Custom item</label2>
		<icon>DefaultShortcut.png</icon>
		<thumb />
		<action>ActivateWindow(Programs,"plugin://plugin.program.super.favourites/?label=_NBA&amp;mode=400&amp;path=special%3A%2F%2Fprofile%2Faddon_data%2Fplugin.program.super.favourites%2FSuper+Favourites%5CBuild+Menus%5CSports+WidgetB%5C_NBA&amp;image=http%3A%2F%2Fjed.one%2Fbackgrounds%2Ficons%2Fnbafolder.png&amp;fanart=http%3A%2F%2Fjed.one%2Fbackgrounds%2FSports%2Fnba.jpg&amp;content_type=",return)</action>
	</shortcut>
	<shortcut>
		<defaultID />
		<label>NFL</label>
		<label2>Custom item</label2>
		<icon>DefaultShortcut.png</icon>
		<thumb />
		<action>ActivateWindow(Programs,"plugin://plugin.program.super.favourites/?label=_NFL&amp;mode=400&amp;path=special%3A%2F%2Fprofile%2Faddon_data%2Fplugin.program.super.favourites%2FSuper+Favourites%5CBuild+Menus%5CSports+WidgetB%5C_NFL&amp;image=http%3A%2F%2Fjed.one%2Fbackgrounds%2Ficons%2Fnflfolder.png&amp;fanart=C%3A%5CUsers%5CALSystems%5CDesktop%5CKodi173%5Cportable_data%5Caddons%5Cplugin.program.super.favourites%5Cfanart.jpg&amp;content_type=",return)</action>
	</shortcut>
	<shortcut>
		<defaultID />
		<label>NHL</label>
		<label2>Custom item</label2>
		<icon>DefaultShortcut.png</icon>
		<thumb />
		<action>ActivateWindow(Programs,"plugin://plugin.program.super.favourites/?label=_NHL&amp;mode=400&amp;path=special%3A%2F%2Fprofile%2Faddon_data%2Fplugin.program.super.favourites%2FSuper+Favourites%5CBuild+Menus%5CSports+WidgetB%5C_NHL&amp;image=http%3A%2F%2Fjed.one%2Fbackgrounds%2Ficons%2Fnhlfolder.png&amp;fanart=https%3A%2F%2Fs15.postimg.org%2Fwjeb86zo9%2FMain_Fanart.jpg&amp;content_type=",return)</action>
	</shortcut>
	<shortcut>
		<defaultID />
		<label>Soccer</label>
		<label2>Custom item</label2>
		<icon>DefaultShortcut.png</icon>
		<thumb />
		<action>ActivateWindow(Programs,"plugin://plugin.program.super.favourites/?label=_Soccer&amp;mode=400&amp;path=special%3A%2F%2Fprofile%2Faddon_data%2Fplugin.program.super.favourites%2FSuper+Favourites%5CBuild+Menus%5CSports+WidgetB%5C_Soccer&amp;image=http%3A%2F%2Fjed.one%2Fbackgrounds%2Ficons%2Fsoccerfolder.png&amp;fanart=http%3A%2F%2Fjed.one%2Fbackgrounds%2FSports%2Fsoccer_ball.jpg&amp;content_type=",return)</action>
	</shortcut>
	<shortcut>
		<defaultID />
		<label>UFC Boxing</label>
		<label2>Custom item</label2>
		<icon>DefaultShortcut.png</icon>
		<thumb />
		<action>ActivateWindow(Programs,"plugin://plugin.program.super.favourites/?label=_UFC+Boxing&amp;mode=400&amp;path=special%3A%2F%2Fprofile%2Faddon_data%2Fplugin.program.super.favourites%2FSuper+Favourites%5CBuild+Menus%5CSports+WidgetB%5C_UFC+Boxing&amp;image=http%3A%2F%2Fjed.one%2Fbackgrounds%2Ficons%2Fufcfolder.png&amp;fanart=http%3A%2F%2Fjed.one%2Fbackgrounds%2FSports%2Fufc-mcgregor_3469638.jpg&amp;content_type=",return)</action>
	</shortcut>
	<shortcut>
		<defaultID />
		<label>WWE Wrestling</label>
		<label2>Custom item</label2>
		<icon>DefaultShortcut.png</icon>
		<thumb />
		<action>ActivateWindow(Programs,"plugin://plugin.program.super.favourites/?label=_WWE+Wrestling&amp;mode=400&amp;path=special%3A%2F%2Fprofile%2Faddon_data%2Fplugin.program.super.favourites%2FSuper+Favourites%5CBuild+Menus%5CSports+WidgetB%5C_WWE+Wrestling&amp;image=http%3A%2F%2Fjed.one%2Fbackgrounds%2Ficons%2Fwwefolder.png&amp;fanart=http%3A%2F%2Fjed.one%2Fbackgrounds%2FSports%2FGrfIl.St.117.jpg&amp;content_type=",return)</action>
	</shortcut>
	<shortcut>
		<defaultID />
		<label>Cycling</label>
		<label2>Custom item</label2>
		<icon>DefaultShortcut.png</icon>
		<thumb />
		<action>ActivateWindow(Programs,"plugin://plugin.program.super.favourites/?label=Cycling&amp;mode=400&amp;path=special%3A%2F%2Fprofile%2Faddon_data%2Fplugin.program.super.favourites%2FSuper+Favourites%5CBuild+Menus%5CSports+WidgetB%5CCycling&amp;image=http%3A%2F%2Fi.imgur.com%2FcGDliNn.png&amp;fanart=http%3A%2F%2Fi.imgur.com%2Fjz9gffT.png&amp;content_type=",return)</action>
	</shortcut>
	<shortcut>
		<defaultID />
		<label>Fishing</label>
		<label2>Custom item</label2>
		<icon>DefaultShortcut.png</icon>
		<thumb />
		<action>ActivateWindow(Programs,"plugin://plugin.program.super.favourites/?label=Fishing&amp;mode=400&amp;path=special%3A%2F%2Fprofile%2Faddon_data%2Fplugin.program.super.favourites%2FSuper+Favourites%5CBuild+Menus%5CSports+WidgetB%5CFishing&amp;image=http%3A%2F%2Fjed.one%2Fbackgrounds%2Ficons%2Fhuntfolder.png&amp;fanart=http%3A%2F%2Fjed.one%2Fbackgrounds%2FSports%2Fantler-2.jpg&amp;content_type=",return)</action>
	</shortcut>
	<shortcut>
		<defaultID />
		<label>Golf</label>
		<label2>Custom item</label2>
		<icon>DefaultShortcut.png</icon>
		<thumb />
		<action>ActivateWindow(Programs,"plugin://plugin.program.super.favourites/?label=Golf&amp;mode=400&amp;path=special%3A%2F%2Fprofile%2Faddon_data%2Fplugin.program.super.favourites%2FSuper+Favourites%5CBuild+Menus%5CSports+WidgetB%5CGolf&amp;image=http%3A%2F%2Fjed.one%2Fbackgrounds%2Ficons%2Fgolffolder.png&amp;fanart=http%3A%2F%2Fjed.one%2Fbackgrounds%2FSports%2FGolfPic.jpg&amp;content_type=",return)</action>
	</shortcut>
	<shortcut>
		<defaultID />
		<label>Lacross</label>
		<label2>Custom item</label2>
		<icon>DefaultShortcut.png</icon>
		<thumb />
		<action>ActivateWindow(Programs,"plugin://plugin.program.super.favourites/?label=Lacross&amp;mode=400&amp;path=special%3A%2F%2Fprofile%2Faddon_data%2Fplugin.program.super.favourites%2FSuper+Favourites%5CBuild+Menus%5CSports+WidgetB%5CLacross&amp;image=https%3A%2F%2Fs23.postimg.org%2Fiq7ynyc4r%2FNLL_Thumb.png&amp;fanart=https%3A%2F%2Fs30.postimg.org%2Fbdnq5i275%2FLacrosse_Fanart.jpg&amp;content_type=",return)</action>
	</shortcut>
	<shortcut>
		<defaultID />
		<label>Martial Arts</label>
		<label2>Custom item</label2>
		<icon>DefaultShortcut.png</icon>
		<thumb />
		<action>ActivateWindow(Programs,"plugin://plugin.program.super.favourites/?label=Martial+Arts&amp;mode=400&amp;path=special%3A%2F%2Fprofile%2Faddon_data%2Fplugin.program.super.favourites%2FSuper+Favourites%5CBuild+Menus%5CSports+WidgetB%5CMartial+Arts&amp;image=http%3A%2F%2Fjed.one%2Fbackgrounds%2Ficons%2Fmartialartsfolder.png&amp;fanart=http%3A%2F%2Fjed.one%2Fbackgrounds%2Fmoviegenres%2FFANART%2Fmartial+arts.jpg&amp;content_type=",return)</action>
	</shortcut>
	<shortcut>
		<defaultID />
		<label>Motosports</label>
		<label2>Custom item</label2>
		<icon>DefaultShortcut.png</icon>
		<thumb />
		<action>ActivateWindow(Programs,"plugin://plugin.program.super.favourites/?label=Motorsports&amp;mode=400&amp;path=special%3A%2F%2Fprofile%2Faddon_data%2Fplugin.program.super.favourites%2FSuper+Favourites%5CBuild+Menus%5CSports+WidgetB%5CMotorsports&amp;image=http%3A%2F%2Fjed.one%2Fbackgrounds%2Ficons%2Fmotorsportsfolder.png&amp;fanart=special%3A%2F%2Fhome%2Faddons%5Cplugin.video.amaproracing%5Cfanart.jpg&amp;content_type=",return)</action>
	</shortcut>
	<shortcut>
		<defaultID />
		<label>Other</label>
		<label2>Custom item</label2>
		<icon>DefaultShortcut.png</icon>
		<thumb />
		<action>ActivateWindow(Programs,"plugin://plugin.program.super.favourites/?label=Other&amp;mode=400&amp;path=special%3A%2F%2Fprofile%2Faddon_data%2Fplugin.program.super.favourites%2FSuper+Favourites%5CBuild+Menus%5CSports+WidgetB%5COther&amp;image=http%3A%2F%2Fgenietvcunts.co.uk%2Fbamffff%2Fbsm.jpg&amp;fanart=special%3A%2F%2Fhome%2Faddons%5Cplugin.video.quantum%5Cfanart.jpg&amp;content_type=",return)</action>
	</shortcut>
	<shortcut>
		<defaultID />
		<label>Pool</label>
		<label2>Custom item</label2>
		<icon>DefaultShortcut.png</icon>
		<thumb />
		<action>ActivateWindow(Programs,"plugin://plugin.program.super.favourites/?label=Pool&amp;mode=400&amp;path=special%3A%2F%2Fprofile%2Faddon_data%2Fplugin.program.super.favourites%2FSuper+Favourites%5CBuild+Menus%5CSports+WidgetB%5CPool&amp;image=http%3A%2F%2Fjed.one%2Fbackgrounds%2Ficons%2Fbilliards.jpg&amp;fanart=http%3A%2F%2Fuunions.umich.edu%2Fbilliards%2Ffiles%2Fbilliards%2Ffield%2Fimage%2FIMG_7055.jpg&amp;content_type=",return)</action>
	</shortcut>
	<shortcut>
		<defaultID />
		<label>Sports Devil</label>
		<label2>Custom item</label2>
		<icon>DefaultShortcut.png</icon>
		<thumb />
		<action>ActivateWindow(VideoLibrary,"plugin://plugin.video.SportsDevil",return)</action>
	</shortcut>
</shortcuts>
