<?xml version='1.0' encoding='UTF-8'?>
<shortcuts>
	<shortcut>
		<defaultID>24001</defaultID>
		<label>[COLOR white]Video Addons[/COLOR]</label>
		<label2>Custom item</label2>
		<icon>DefaultShortcut.png</icon>
		<thumb />
		<action>ActivateWindow(Videos,Addons,return)</action>
	</shortcut>
	<shortcut>
		<defaultID />
		<label>[COLOR white]Program Addons[/COLOR]</label>
		<label2>Custom item</label2>
		<icon>DefaultShortcut.png</icon>
		<thumb />
		<action>ActivateWindow(Programs,Addons,return)</action>
	</shortcut>
	<shortcut>
		<defaultID>7</defaultID>
		<label>7</label>
		<label2 />
		<icon>DefaultShortcut.png</icon>
		<thumb />
		<action>ActivateWindow(FileManager)</action>
	</shortcut>
	<shortcut>
		<defaultID />
		<label>Install from Zip</label>
		<label2>Custom item</label2>
		<icon>DefaultShortcut.png</icon>
		<thumb />
		<action>ActivateWindow(Programs,"plugin://plugin.program.super.favourites/?label=Install+from+zip+file&amp;mode=650&amp;cmd=ActivateWindow%2810040%2C%22addons%3A%2F%2Finstall%2F%22%2Creturn%29&amp;image=DefaultHardDisk.png&amp;content_type=",return)</action>
	</shortcut>
	<shortcut>
		<defaultID>20077</defaultID>
		<label>20077</label>
		<label2 />
		<icon>DefaultShortcut.png</icon>
		<thumb />
		<action>ActivateWindow(SkinSettings)</action>
	</shortcut>
	<shortcut>
		<defaultID />
		<label>Weather</label>
		<label2>Custom item</label2>
		<icon>DefaultShortcut.png</icon>
		<thumb />
		<action>ActivateWindow(Weather)</action>
	</shortcut>
	<shortcut>
		<defaultID />
		<label>Calibrate Screen</label>
		<label2>Custom item</label2>
		<icon>DefaultShortcut.png</icon>
		<thumb />
		<action>ActivateWindow(ScreenCalibration)</action>
	</shortcut>
	<shortcut>
		<defaultID />
		<label>Music Addons</label>
		<label2>Custom item</label2>
		<icon>DefaultShortcut.png</icon>
		<thumb />
		<action>ActivateWindow(MusicLibrary,Addons,return)</action>
	</shortcut>
	<shortcut>
		<defaultID />
		<label>System Info</label>
		<label2>Custom item</label2>
		<icon>DefaultShortcut.png</icon>
		<thumb />
		<action>ActivateWindow(SystemInfo)</action>
	</shortcut>
	<shortcut>
		<defaultID />
		<label>Profiles</label>
		<label2>Custom item</label2>
		<icon>DefaultShortcut.png</icon>
		<thumb />
		<action>ActivateWindow(Profiles)</action>
	</shortcut>
</shortcuts>
