<?xml version='1.0' encoding='UTF-8'?>
<shortcuts>
	<shortcut>
		<defaultID />
		<label>[COLOR aqua]No Limits[/COLOR] [COLOR white]Tools[/COLOR]</label>
		<label2>Custom item</label2>
		<icon>DefaultShortcut.png</icon>
		<thumb />
		<action>ActivateWindow(Programs,"plugin://plugin.program.nolimitstools",return)</action>
	</shortcut>
	<shortcut>
		<defaultID />
		<label>[COLOR lime]Favorites[/COLOR]</label>
		<label2>Custom item</label2>
		<icon>DefaultShortcut.png</icon>
		<thumb />
		<action>ActivateWindow(Programs,"plugin://plugin.program.super.favourites/?label=Explore+Kodi+favourites&amp;mode=300&amp;image=DefaultFolder.png&amp;fanart=%2FUsers%2FJason%2FLibrary%2FApplication+Support%2FKodi%2Faddons%2Fplugin.program.super.favourites%2Ffanart.jpg&amp;content_type=",return)</action>
	</shortcut>
	<shortcut>
		<defaultID />
		<label>Pair Links</label>
		<label2>Custom item</label2>
		<icon>DefaultShortcut.png</icon>
		<thumb />
		<action>ActivateWindow(Programs,"plugin://plugin.program.super.favourites/?label=Pair+Links&amp;mode=400&amp;path=special%3A%2F%2Fprofile%2Faddon_data%2Fplugin.program.super.favourites%2FSuper+Favourites%5CBuild+Menus%5CPair+Links&amp;image=http%3A%2F%2Fjed.one%2Fbackgrounds%2Ficons%2FDiggz%2520home%2520gifs%2Fpair.gif&amp;fanart=special%3A%2F%2Fhome%2Fuserdata%2Fbackgrounds%2Fenablevideome.png&amp;content_type=",return)</action>
	</shortcut>
	<shortcut>
		<defaultID />
		<label>Aptoide APK</label>
		<label2>Custom item</label2>
		<icon>DefaultShortcut.png</icon>
		<thumb />
		<action>ActivateWindow(Programs,"plugin://plugin.program.aptoide",return)</action>
	</shortcut>
	<shortcut>
		<defaultID />
		<label>Chrome Launcher</label>
		<label2>Custom item</label2>
		<icon>DefaultShortcut.png</icon>
		<thumb />
		<action>ActivateWindow(Programs,"plugin://plugin.program.chrome.launcher",return)</action>
	</shortcut>
	<shortcut>
		<defaultID />
		<label>Super Favorites</label>
		<label2>Custom item</label2>
		<icon>DefaultShortcut.png</icon>
		<thumb />
		<action>ActivateWindow(Programs,"plugin://plugin.program.super.favourites/?label=My+Stuff&amp;mode=400&amp;path=special%3A%2F%2Fprofile%2Faddon_data%2Fplugin.program.super.favourites%2FSuper+Favourites%2FMy+Stuff&amp;image=%2FUsers%2FJason%2FLibrary%2FApplication+Support%2FKodi%2Faddons%2Fplugin.program.super.favourites%2Ficon.png&amp;fanart=%2FUsers%2FJason%2FLibrary%2FApplication+Support%2FKodi%2Faddons%2Fplugin.program.super.favourites%2Ffanart.jpg&amp;content_type=",return)</action>
	</shortcut>
	<shortcut>
		<defaultID />
		<label>Buffering Fix</label>
		<label2>Custom item</label2>
		<icon>DefaultShortcut.png</icon>
		<thumb />
		<action>PlayMedia("plugin://plugin.video.nolimitswizard18/?mode=autoadvanced",return)</action>
	</shortcut>
	<shortcut>
		<defaultID />
		<label>URLResolver Settings</label>
		<label2>Custom item</label2>
		<icon>special://skin/extras/icons/settings.png</icon>
		<thumb>special://home/addons/script.module.urlresolver/icon.png</thumb>
		<action>Addon.Opensettings(script.module.urlresolver)</action>
		<disabled>True</disabled>
	</shortcut>
	<shortcut>
		<defaultID />
		<label>NAN Settings</label>
		<label2>Custom item</label2>
		<icon>DefaultShortcut.png</icon>
		<thumb>special://home/addons/script.module.nanscrapers/icon.png</thumb>
		<action>Addon.Opensettings(script.module.nanscrapers)</action>
		<disabled>True</disabled>
	</shortcut>
	<shortcut>
		<defaultID />
		<label>Resolver Settings</label>
		<label2>Custom item</label2>
		<icon>special://skin/extras/icons/settings.png</icon>
		<thumb>special://home/addons/script.module.urlresolver/icon.png</thumb>
		<action>PlayMedia("plugin://plugin.program.nolimitstools/?url=url&amp;mode=204&amp;name=Open+Resolver+Settings&amp;iconimage=&amp;fanart=&amp;video=&amp;description=",return)</action>
	</shortcut>
	<shortcut>
		<defaultID />
		<label>Scraper Settings</label>
		<label2>Custom item</label2>
		<icon>DefaultShortcut.png</icon>
		<thumb>special://home/addons/script.module.nanscrapers/icon.png</thumb>
		<action>PlayMedia("plugin://plugin.program.nolimitstools/?url=url&amp;mode=205&amp;name=Open+Scrapper+Settings&amp;iconimage=&amp;fanart=&amp;video=&amp;description=",return)</action>
	</shortcut>
	<shortcut>
		<defaultID />
		<label>Speed Test</label>
		<label2>Custom item</label2>
		<icon>DefaultShortcut.png</icon>
		<thumb />
		<action>RunAddOn(script.speedtestnet)</action>
	</shortcut>
	<shortcut>
		<defaultID />
		<label>Weather</label>
		<label2>Custom item</label2>
		<icon>DefaultShortcut.png</icon>
		<thumb />
		<action>ActivateWindow(Weather)</action>
	</shortcut>
	<shortcut>
		<defaultID />
		<label>[COLOR red][B]Update Build[/B][/COLOR]</label>
		<label2>Custom item</label2>
		<icon>DefaultShortcut.png</icon>
		<thumb />
		<action>ActivateWindow(Programs,"plugin://plugin.video.nolimitswizard18",return)</action>
	</shortcut>
	<shortcut>
		<defaultID />
		<label>[COLOR lime]No Limits[/COLOR] Backgrounds</label>
		<label2>Custom item</label2>
		<icon>DefaultShortcut.png</icon>
		<thumb />
		<action>ActivateWindow(Programs,"plugin://plugin.program.super.favourites/?label=No+Limits+Backgrounds&amp;mode=400&amp;path=special%3A%2F%2Fprofile%2Faddon_data%2Fplugin.program.super.favourites%2FSuper+Favourites%5CBuild+Menus%5CNo+Limits+Backgrounds&amp;image=C%3A%5CUsers%5CALSystems%5CDesktop%5CKodi173%5Cportable_data%5Caddons%5Cplugin.program.super.favourites%5Cicon.png&amp;fanart=C%3A%5CUsers%5CALSystems%5CDesktop%5CKodi173%5Cportable_data%5Caddons%5Cplugin.program.super.favourites%5Cfanart.jpg&amp;content_type=",return)</action>
		<disabled>True</disabled>
	</shortcut>
	<shortcut>
		<defaultID />
		<label>[COLOR lime]No Limits[/COLOR] [COLOR white]Videos[/COLOR]</label>
		<label2>Custom item</label2>
		<icon>DefaultShortcut.png</icon>
		<thumb />
		<action>ActivateWindow(Videos,"plugin://plugin.video.nolimitsvideos",return)</action>
	</shortcut>
</shortcuts>
