<?xml version='1.0' encoding='UTF-8'?>
<shortcuts>
	<shortcut>
		<defaultID>4</defaultID>
		<label>4</label>
		<label2 />
		<icon>DefaultShortcut.png</icon>
		<thumb />
		<action>RunAddon(script.tv.show.next.aired,return)</action>
		<visible>System.HasAddon(script.tv.show.next.aired)</visible>
	</shortcut>
	<shortcut>
		<defaultID>575</defaultID>
		<label>[COLOR white][B]Addon List[/B][/COLOR]</label>
		<label2>Custom item</label2>
		<icon>DefaultShortcut.png</icon>
		<thumb />
		<action>ActivateWindow(Programs,"plugin://plugin.program.super.favourites/?label=TV+Shows&amp;mode=400&amp;path=special%3A%2F%2Fprofile%2Faddon_data%2Fplugin.program.super.favourites%2FSuper+Favourites%2FBuild+Menus%2FTV+Shows&amp;image=%2FUsers%2FJason%2FLibrary%2FApplication+Support%2FKodi%2Faddons%2Fplugin.program.super.favourites%2Ficon.png&amp;fanart=%2FUsers%2FJason%2FLibrary%2FApplication+Support%2FKodi%2Faddons%2Fplugin.program.super.favourites%2Ffanart.jpg&amp;content_type=",return)</action>
	</shortcut>
	<shortcut>
		<defaultID>135</defaultID>
		<label>[COLOR aqua]Search[/COLOR]</label>
		<label2>Custom item</label2>
		<icon>DefaultShortcut.png</icon>
		<thumb />
		<action>ActivateWindow(Programs,"plugin://plugin.program.super.favourites/?label=Search+TV+Shows&amp;mode=400&amp;path=special%3A%2F%2Fprofile%2Faddon_data%2Fplugin.program.super.favourites%2FSuper+Favourites%2FBuild+Menus%2FSearch+TV+Shows&amp;image=%2FUsers%2FJason%2FLibrary%2FApplication+Support%2FKodi%2Faddons%2Fplugin.program.super.favourites%2Ficon.png&amp;fanart=%2FUsers%2FJason%2FLibrary%2FApplication+Support%2FKodi%2Faddons%2Fplugin.program.super.favourites%2Ffanart.jpg&amp;content_type=",return)</action>
	</shortcut>
	<shortcut>
		<defaultID />
		<label>[COLOR lime]Collections[/COLOR]</label>
		<label2>Custom item</label2>
		<icon>DefaultShortcut.png</icon>
		<thumb />
		<action>ActivateWindow(Programs,"plugin://plugin.program.super.favourites/?label=TV+Shows+Collections&amp;mode=400&amp;path=special%3A%2F%2Fprofile%2Faddon_data%2Fplugin.program.super.favourites%2FSuper+Favourites%5CBuild+Menus%5CCollections%5CTV+Shows+Collections&amp;image=http%3A%2F%2Fbrettusbuilds.com%2F.WHITE%2520DEVIL%2Fwhite.devil.repo%2Ffiles%2Fplugin.video.bretts.retro.tv%2Ficon.png&amp;fanart=special%3A%2F%2Fhome%2Faddons%5Cplugin.video.white.devil%5Cfanart.jpg&amp;content_type=",return)</action>
	</shortcut>
	<shortcut>
		<defaultID />
		<label>[COLOR aqua]Popular[/COLOR]</label>
		<label2>Custom item</label2>
		<icon>DefaultShortcut.png</icon>
		<thumb />
		<action>ActivateWindow(Videos,"plugin://plugin.video.exodusredux/?action=tvshows&amp;url=popular",return)</action>
	</shortcut>
	<shortcut>
		<defaultID />
		<label>[COLOR darkorange]Networks[/COLOR]</label>
		<label2>Custom item</label2>
		<icon>DefaultShortcut.png</icon>
		<thumb />
		<action>ActivateWindow(Videos,"plugin://plugin.video.elysiumlite/?mode=get_list&amp;url=file%3A%2F%2Fshared+lists%2Fnetworks.xml&amp;name=Networks&amp;iconimage=https%3A%2F%2Fraw.githubusercontent.com%2FOpenELEQ%2Frepository.elysium%2Fmaster%2Fimages%2FDefault%2Fnetworks.png&amp;fanart=C%3A%5CUsers%5CALSystems%5CDesktop%5CKodi173%5Cportable_data%5Caddons%5Cplugin.video.elysiumlite%5Cfanart.jpg&amp;description=No+information+available",return)</action>
	</shortcut>
	<shortcut>
		<defaultID />
		<label>[COLOR red]Reality TV[/COLOR]</label>
		<label2>Custom item</label2>
		<icon>DefaultShortcut.png</icon>
		<thumb />
		<action>ActivateWindow(Programs,"plugin://plugin.program.super.favourites/?label=TV+Shows+Reality&amp;mode=400&amp;path=special%3A%2F%2Fprofile%2Faddon_data%2Fplugin.program.super.favourites%2FSuper+Favourites%5CBuild+Menus%5CTV+Shows+Reality&amp;image=C%3A%5CUsers%5CALSystems%5CDesktop%5CKodi173%5Cportable_data%5Caddons%5Cplugin.program.super.favourites%5Cicon.png&amp;fanart=C%3A%5CUsers%5CALSystems%5CDesktop%5CKodi173%5Cportable_data%5Caddons%5Cplugin.program.super.favourites%5Cfanart.jpg&amp;content_type=",return)</action>
	</shortcut>
	<shortcut>
		<defaultID />
		<label>Exodus Redux</label>
		<label2>Custom item</label2>
		<icon>DefaultShortcut.png</icon>
		<thumb />
		<action>ActivateWindow(Videos,"plugin://plugin.video.exodusredux/?action=tvNavigator",return)</action>
	</shortcut>
	<shortcut>
		<defaultID />
		<label>Yoda (Placenta)</label>
		<label2>Custom item</label2>
		<icon>DefaultShortcut.png</icon>
		<thumb />
		<action>ActivateWindow(Videos,"plugin://plugin.video.Yoda/?action=tvNavigator",return)</action>
		<disabled>True</disabled>
	</shortcut>
	<shortcut>
		<defaultID />
		<label>Arrakis</label>
		<label2>Custom item</label2>
		<icon>DefaultShortcut.png</icon>
		<thumb />
		<action>ActivateWindow(Videos,"plugin://plugin.video.arrakis",return)</action>
	</shortcut>
	<shortcut>
		<defaultID />
		<label>Covenant</label>
		<label2>Custom item</label2>
		<icon>DefaultShortcut.png</icon>
		<thumb />
		<action>ActivateWindow(Videos,"plugin://plugin.video.covenant/?action=tvNavigator",return)</action>
		<disabled>True</disabled>
	</shortcut>
	<shortcut>
		<defaultID />
		<label>Elektra Vault</label>
		<label2>Custom item</label2>
		<icon>DefaultShortcut.png</icon>
		<thumb />
		<action>ActivateWindow(Videos,"plugin://plugin.video.Elektra_Vault",return)</action>
	</shortcut>
	<shortcut>
		<defaultID />
		<label>Elysium Lite (Zen)</label>
		<label2>Custom item</label2>
		<icon>DefaultShortcut.png</icon>
		<thumb />
		<action>ActivateWindow(Videos,"plugin://plugin.video.elysiumlite/?mode=get_list&amp;url=file%3A%2F%2Ftvshows.xml&amp;name=Tv+Shows&amp;iconimage=https%3A%2F%2Fraw.githubusercontent.com%2FOpenELEQ%2Frepository.elysium%2Fmaster%2Fimages%2FDefault%2Ftvshows.png&amp;fanart=C%3A%5CUsers%5CALSystems%5CDesktop%5CKodi173%5Cportable_data%5Caddons%5Cplugin.video.elysiumlite%5Cfanart.jpg&amp;description=No+information+available",return)</action>
	</shortcut>
	<shortcut>
		<defaultID />
		<label>Elysium (Zen)</label>
		<label2>Custom item</label2>
		<icon>DefaultShortcut.png</icon>
		<thumb />
		<action>ActivateWindow(Videos,"plugin://plugin.video.elysium/?action=tvNavigator",return)</action>
		<disabled>True</disabled>
	</shortcut>
	<shortcut>
		<defaultID />
		<label>Eyasses</label>
		<label2>Custom item</label2>
		<icon>DefaultShortcut.png</icon>
		<thumb />
		<action>ActivateWindow(Videos,"plugin://plugin.video.pauls_world",return)</action>
	</shortcut>
	<shortcut>
		<defaultID>344</defaultID>
		<label>Metalliq</label>
		<label2>Custom item</label2>
		<icon>DefaultShortcut.png</icon>
		<thumb />
		<action>ActivateWindow(VideoLibrary,"plugin://plugin.video.metalliq/tv",return)</action>
	</shortcut>
	<shortcut>
		<defaultID />
		<label>Nemesis (Stream Army)</label>
		<label2>Custom item</label2>
		<icon>DefaultShortcut.png</icon>
		<thumb />
		<action>ActivateWindow(Videos,"plugin://plugin.video.nemesis/?url=https%3A%2F%2Fpastebin.com%2Fraw%2F3Z1Z7Usu&amp;mode=1&amp;name=%5BCOLOR+yellow%5DT%5BCOLOR+aqua%5Dv+Zone%5B%2FCOLOR%5D&amp;iconimage=C%3A%5CUsers%5CALSystems%5CDesktop%5CKodi173%5Cportable_data%5Caddons%5Cplugin.video.nemesis%5Cicon.png&amp;fanart=C%3A%5CUsers%5CALSystems%5CDesktop%5CKodi173%5Cportable_data%5Caddons%5Cplugin.video.nemesis%5Cfanart.jpg&amp;description=",return)</action>
	</shortcut>
	<shortcut>
		<defaultID />
		<label>Neptune Rising</label>
		<label2>Custom item</label2>
		<icon>DefaultShortcut.png</icon>
		<thumb />
		<action>ActivateWindow(Videos,"plugin://plugin.video.neptune/?action=tvNavigator",return)</action>
	</shortcut>
	<shortcut>
		<defaultID />
		<label>Release HUB</label>
		<label2>Custom item</label2>
		<icon>DefaultShortcut.png</icon>
		<thumb />
		<action>ActivateWindow(Videos,"plugin://plugin.video.theyidrh/?mode=menu4",return)</action>
	</shortcut>
	<shortcut>
		<defaultID />
		<label>Skynet</label>
		<label2>Custom item</label2>
		<icon>DefaultShortcut.png</icon>
		<thumb />
		<action>ActivateWindow(Videos,"plugin://plugin.video.SkyNet",return)</action>
	</shortcut>
	<shortcut>
		<defaultID />
		<label>Stream Hub</label>
		<label2>Custom item</label2>
		<icon>DefaultShortcut.png</icon>
		<thumb />
		<action>ActivateWindow(Videos,"plugin://plugin.video.streamhub/?action=tvNavigator",return)</action>
	</shortcut>
	<shortcut>
		<defaultID />
		<label>Supremacy</label>
		<label2>Custom item</label2>
		<icon>DefaultShortcut.png</icon>
		<thumb />
		<action>ActivateWindow(Videos,"plugin://plugin.video.SkyNet/?url=http%3A%2F%2Fstephen-builds.uk%2Fsupremacy%2Fhome.txt&amp;mode=1&amp;name=%5BCOLOR+white%5DSupremacy%5B%2FCOLOR%5D&amp;fanart=https%3A%2F%2Fi.imgur.com%2FLboMZjr.jpg",return)</action>
	</shortcut>
	<shortcut>
		<defaultID />
		<label>The Magic Dragon (Pyramid)</label>
		<label2>Custom item</label2>
		<icon>DefaultShortcut.png</icon>
		<thumb />
		<action>ActivateWindow(Videos,"plugin://plugin.video.themagicdragon/?url=http%3A%2F%2Fsupremacy.org.uk%2Ftombraider%2Fdogsbollocks%2Ftventertainment.txt&amp;mode=1&amp;name=%5BB%5D%5BI%5D%5BCOLORwhite%5DTV%2FEntertainment%5B%2FB%5D%5B%2FI%5D%5B%2FCOLOR%5D&amp;fanart=https%3A%2F%2Fimages2.alphacoders.com%2F121%2F121150.jpg",return)</action>
	</shortcut>
	<shortcut>
		<defaultID />
		<label>Titan</label>
		<label2>Custom item</label2>
		<icon>DefaultShortcut.png</icon>
		<thumb />
		<action>ActivateWindow(Videos,"plugin://plugin.video.titan",return)</action>
	</shortcut>
	<shortcut>
		<defaultID />
		<label>UK Turks</label>
		<label2>Custom item</label2>
		<icon>DefaultShortcut.png</icon>
		<thumb />
		<action>ActivateWindow(Videos,"plugin://plugin.video.ukturk/?url=http%3A%2F%2Faddoncloud.org%2Fukturk%2FUKTurk%2Ftv%2520shows%2FIndex.txt&amp;mode=1&amp;name=TV+Shows&amp;description=&amp;fanart=C%3A%5CUsers%5CALSystems%5CDesktop%5CKodi173%5Cportable_data%5Caddons%5Cplugin.video.ukturk%5Cfanart.jpg&amp;iconimage=http%3A%2F%2Faddoncloud.org%2Fukturk%2FUKTurk%2Fthumbs%2Fnew%2FUk%2520turk%2520thumbnails%2520tv%2520shows.jpg",return)</action>
	</shortcut>
	<shortcut>
		<defaultID />
		<label>Uranus (Elysium)</label>
		<label2>Custom item</label2>
		<icon>DefaultShortcut.png</icon>
		<thumb />
		<action>ActivateWindow(Videos,"plugin://plugin.video.uranus",return)</action>
	</shortcut>
</shortcuts>
