<?xml version='1.0' encoding='UTF-8'?>
<shortcuts>
	<shortcut>
		<defaultID />
		<label>Live TV</label>
		<label2>Custom item</label2>
		<icon>DefaultShortcut.png</icon>
		<thumb />
		<action>ActivateWindow(Videos,"plugin://plugin.video.ukturk/?url=http%3A%2F%2Faddoncloud.org%2Fukturk%2FUKTurk%2FLive%2520TV.txt&amp;mode=1&amp;name=Live+TV&amp;description=&amp;fanart=C%3A%5CUsers%5CALSystems%5CDesktop%5CKodi170%5Cportable_data%5Caddons%5Cplugin.video.ukturk%5Cfanart.jpg&amp;iconimage=http%3A%2F%2Faddoncloud.org%2Fukturk%2FUKTurk%2Fthumbs%2Fnew%2FUk%2520turk%2520thumbnails%2520live%2520tv.jpg",return)</action>
	</shortcut>
	<shortcut>
		<defaultID />
		<label>Sports</label>
		<label2>Custom item</label2>
		<icon>DefaultShortcut.png</icon>
		<thumb />
		<action>ActivateWindow(Videos,"plugin://plugin.video.ukturk/?url=http%3A%2F%2Faddoncloud.org%2Fukturk%2FUKTurk%2FSportsList.txt&amp;mode=1&amp;name=Sports&amp;description=&amp;fanart=C%3A%5CUsers%5CALSystems%5CDesktop%5CKodi170%5Cportable_data%5Caddons%5Cplugin.video.ukturk%5Cfanart.jpg&amp;iconimage=http%3A%2F%2Faddoncloud.org%2Fukturk%2FUKTurk%2Fthumbs%2Fnew%2FUk%2520turk%2520thumbnails%2520sports.jpg",return)</action>
	</shortcut>
	<shortcut>
		<defaultID />
		<label>Movies</label>
		<label2>Custom item</label2>
		<icon>DefaultShortcut.png</icon>
		<thumb />
		<action>ActivateWindow(Videos,"plugin://plugin.video.ukturk/?url=http%3A%2F%2Faddoncloud.org%2Fukturk%2FUKTurk%2Fmovies%2FIndex.txt&amp;mode=1&amp;name=Movies&amp;description=&amp;fanart=C%3A%5CUsers%5CALSystems%5CDesktop%5CKodi170%5Cportable_data%5Caddons%5Cplugin.video.ukturk%5Cfanart.jpg&amp;iconimage=http%3A%2F%2Faddoncloud.org%2Fukturk%2FUKTurk%2Fthumbs%2Fnew%2FUk%2520turk%2520thumbnails%2520movies1.jpg",return)</action>
	</shortcut>
	<shortcut>
		<defaultID />
		<label>TV Shows</label>
		<label2>Custom item</label2>
		<icon>DefaultShortcut.png</icon>
		<thumb />
		<action>ActivateWindow(Videos,"plugin://plugin.video.ukturk/?url=http%3A%2F%2Faddoncloud.org%2Fukturk%2FUKTurk%2Ftv%2520shows%2FIndex.txt&amp;mode=1&amp;name=TV+Shows&amp;description=&amp;fanart=C%3A%5CUsers%5CALSystems%5CDesktop%5CKodi170%5Cportable_data%5Caddons%5Cplugin.video.ukturk%5Cfanart.jpg&amp;iconimage=http%3A%2F%2Faddoncloud.org%2Fukturk%2FUKTurk%2Fthumbs%2Fnew%2FUk%2520turk%2520thumbnails%2520tv%2520shows.jpg",return)</action>
	</shortcut>
	<shortcut>
		<defaultID />
		<label>Cartoons</label>
		<label2>Custom item</label2>
		<icon>DefaultShortcut.png</icon>
		<thumb />
		<action>ActivateWindow(Videos,"plugin://plugin.video.ukturk/?url=http%3A%2F%2Faddoncloud.org%2Fukturk%2FUKTurk%2Fcartoons%2FIndex.txt&amp;mode=1&amp;name=Cartoons&amp;description=&amp;fanart=C%3A%5CUsers%5CALSystems%5CDesktop%5CKodi170%5Cportable_data%5Caddons%5Cplugin.video.ukturk%5Cfanart.jpg&amp;iconimage=http%3A%2F%2Faddoncloud.org%2Fukturk%2FUKTurk%2Fthumbs%2Fnew%2FUk%2520turk%2520thumbnails%2520cartoons.jpg",return)</action>
	</shortcut>
	<shortcut>
		<defaultID />
		<label>Documentaries</label>
		<label2>Custom item</label2>
		<icon>DefaultShortcut.png</icon>
		<thumb />
		<action>ActivateWindow(Videos,"plugin://plugin.video.ukturk/?url=http%3A%2F%2Faddoncloud.org%2Fukturk%2FUKTurk%2Fdocs%2FIndex.txt&amp;mode=1&amp;name=Documentaries&amp;description=&amp;fanart=C%3A%5CUsers%5CALSystems%5CDesktop%5CKodi170%5Cportable_data%5Caddons%5Cplugin.video.ukturk%5Cfanart.jpg&amp;iconimage=http%3A%2F%2Faddoncloud.org%2Fukturk%2FUKTurk%2Fthumbs%2Fnew%2FUk%2520turk%2520thumbnails%2520documentaries.jpg",return)</action>
	</shortcut>
	<shortcut>
		<defaultID />
		<label>Stand-Up Comedy</label>
		<label2>Custom item</label2>
		<icon>DefaultShortcut.png</icon>
		<thumb />
		<action>ActivateWindow(Videos,"plugin://plugin.video.ukturk/?url=http%3A%2F%2Faddoncloud.org%2Fukturk%2FUKTurk%2FStandup.txt&amp;mode=1&amp;name=Stand-Up+Comedy&amp;description=&amp;fanart=C%3A%5CUsers%5CALSystems%5CDesktop%5CKodi170%5Cportable_data%5Caddons%5Cplugin.video.ukturk%5Cfanart.jpg&amp;iconimage=http%3A%2F%2Faddoncloud.org%2Fukturk%2FUKTurk%2Fthumbs%2Fnew%2FUk%2520turk%2520thumbnails%2520standup%2520comedy.jpg",return)</action>
	</shortcut>
	<shortcut>
		<defaultID />
		<label>Concerts</label>
		<label2>Custom item</label2>
		<icon>DefaultShortcut.png</icon>
		<thumb />
		<action>ActivateWindow(Videos,"plugin://plugin.video.ukturk/?url=http%3A%2F%2Faddoncloud.org%2Fukturk%2FUKTurk%2FConcerts.txt&amp;mode=1&amp;name=Concerts&amp;description=&amp;fanart=C%3A%5CUsers%5CALSystems%5CDesktop%5CKodi170%5Cportable_data%5Caddons%5Cplugin.video.ukturk%5Cfanart.jpg&amp;iconimage=http%3A%2F%2Faddoncloud.org%2Fukturk%2FUKTurk%2Fthumbs%2Fnew%2FUk%2520turk%2520thumbnails%2520concerts.jpg",return)</action>
	</shortcut>
	<shortcut>
		<defaultID />
		<label>Radio</label>
		<label2>Custom item</label2>
		<icon>DefaultShortcut.png</icon>
		<thumb />
		<action>ActivateWindow(Videos,"plugin://plugin.video.ukturk/?url=http%3A%2F%2Faddoncloud.org%2Fukturk%2FUKTurk%2Fradio%2FIndex.txt&amp;mode=1&amp;name=Radio&amp;description=&amp;fanart=C%3A%5CUsers%5CALSystems%5CDesktop%5CKodi170%5Cportable_data%5Caddons%5Cplugin.video.ukturk%5Cfanart.jpg&amp;iconimage=http%3A%2F%2Faddoncloud.org%2Fukturk%2FUKTurk%2Fthumbs%2Fnew%2FUk%2520turk%2520thumbnails%2520radio.jpg",return)</action>
	</shortcut>
	<shortcut>
		<defaultID />
		<label>CC TV</label>
		<label2>Custom item</label2>
		<icon>DefaultShortcut.png</icon>
		<thumb />
		<action>ActivateWindow(Videos,"plugin://plugin.video.ukturk/?url=http%3A%2F%2Faddoncloud.org%2Fukturk%2FUKTurk%2FCCTV.txt&amp;mode=1&amp;name=CCTV&amp;description=&amp;fanart=C%3A%5CUsers%5CALSystems%5CDesktop%5CKodi170%5Cportable_data%5Caddons%5Cplugin.video.ukturk%5Cfanart.jpg&amp;iconimage=http%3A%2F%2Faddoncloud.org%2Fukturk%2FUKTurk%2Fthumbs%2Fnew%2FUk%2520turk%2520thumbnails%2520cctv.jpg",return)</action>
	</shortcut>
	<shortcut>
		<defaultID />
		<label>Turkish TV</label>
		<label2>Custom item</label2>
		<icon>DefaultShortcut.png</icon>
		<thumb />
		<action>ActivateWindow(Videos,"plugin://plugin.video.ukturk/?url=http%3A%2F%2Faddoncloud.org%2Fukturk%2FUKTurk%2FTurkishTV.txt&amp;mode=1&amp;name=Turkish+TV&amp;description=&amp;fanart=C%3A%5CUsers%5CALSystems%5CDesktop%5CKodi170%5Cportable_data%5Caddons%5Cplugin.video.ukturk%5Cfanart.jpg&amp;iconimage=http%3A%2F%2Faddoncloud.org%2Fukturk%2FUKTurk%2Fthumbs%2Fnew%2FUk%2520turk%2520thumbnails%2520turkish%2520tv.jpg",return)</action>
	</shortcut>
	<shortcut>
		<defaultID />
		<label>Turkish Movies</label>
		<label2>Custom item</label2>
		<icon>DefaultShortcut.png</icon>
		<thumb />
		<action>ActivateWindow(Videos,"plugin://plugin.video.ukturk/?url=http%3A%2F%2Faddoncloud.org%2Fukturk%2FUKTurk%2FTurkishFilms.txt&amp;mode=1&amp;name=Turkish+Movies&amp;description=&amp;fanart=C%3A%5CUsers%5CALSystems%5CDesktop%5CKodi170%5Cportable_data%5Caddons%5Cplugin.video.ukturk%5Cfanart.jpg&amp;iconimage=http%3A%2F%2Faddoncloud.org%2Fukturk%2FUKTurk%2Fthumbs%2Fnew%2FUk%2520turk%2520thumbnails%2520turkish%2520movies.jpg",return)</action>
	</shortcut>
	<shortcut>
		<defaultID />
		<label>Fitness</label>
		<label2>Custom item</label2>
		<icon>DefaultShortcut.png</icon>
		<thumb />
		<action>ActivateWindow(Videos,"plugin://plugin.video.ukturk/?url=http%3A%2F%2Faddoncloud.org%2Fukturk%2FUKTurk%2FFitness%2520Videos.txt&amp;mode=1&amp;name=Fitness&amp;description=&amp;fanart=C%3A%5CUsers%5CALSystems%5CDesktop%5CKodi170%5Cportable_data%5Caddons%5Cplugin.video.ukturk%5Cfanart.jpg&amp;iconimage=http%3A%2F%2Faddoncloud.org%2Fukturk%2FUKTurk%2Fthumbs%2Fnew%2FUk%2520turk%2520thumbnails%2520fitness.jpg",return)</action>
	</shortcut>
	<shortcut>
		<defaultID />
		<label>FoodPorn</label>
		<label2>Custom item</label2>
		<icon>DefaultShortcut.png</icon>
		<thumb />
		<action>ActivateWindow(Videos,"plugin://plugin.video.ukturk/?url=http%3A%2F%2Faddoncloud.org%2Fukturk%2FUKTurk%2Ffoodporn%2FUK%2520Turks%2520FoodPorn.txt&amp;mode=1&amp;name=UK+Turks+Food+Porn&amp;description=&amp;fanart=C%3A%5CUsers%5CALSystems%5CDesktop%5CKodi170%5Cportable_data%5Caddons%5Cplugin.video.ukturk%5Cfanart.jpg&amp;iconimage=http%3A%2F%2Faddoncloud.org%2Fukturk%2FUKTurk%2Fthumbs%2Fnew%2FUk%2520turk%2520thumbnails%2520food%2520porn.jpg",return)</action>
	</shortcut>
	<shortcut>
		<defaultID />
		<label>Favorites</label>
		<label2>Custom item</label2>
		<icon>DefaultShortcut.png</icon>
		<thumb />
		<action>ActivateWindow(Videos,"plugin://plugin.video.ukturk/?url=C%3A%5CUsers%5CALSystems%5CDesktop%5CKodi170%5Cportable_data%5Cuserdata%5CDatabase%5CUKTurk.db&amp;mode=15&amp;name=Favourites&amp;description=&amp;fanart=C%3A%5CUsers%5CALSystems%5CDesktop%5CKodi170%5Cportable_data%5Caddons%5Cplugin.video.ukturk%5Cfanart.jpg&amp;iconimage=http%3A%2F%2Faddoncloud.org%2Fukturk%2FUKTurk%2Fthumbs%2Fnew%2FUk%2520turk%2520thumbnails%2520favourites.jpg",return)</action>
	</shortcut>
</shortcuts>
