<?xml version='1.0' encoding='UTF-8'?>
<shortcuts>
	<shortcut>
		<defaultID />
		<label>[COLOR white][B]Addon List[/B][/COLOR]</label>
		<label2>Custom item</label2>
		<icon>DefaultShortcut.png</icon>
		<thumb />
		<action>ActivateWindow(Programs,"plugin://plugin.program.super.favourites/?label=XXX&amp;mode=400&amp;path=special%3A%2F%2Fprofile%2Faddon_data%2Fplugin.program.super.favourites%2FSuper+Favourites%2FBuild+Menus%2FXXX&amp;image=special%3A%2F%2Fhome%2Faddons%2Fplugin.video.cherrypie%2Ficon.png&amp;fanart=special%3A%2F%2Fhome%2Faddons%2Fplugin.video.cherrypie%2Ffanart.jpg&amp;content_type=",return)</action>
	</shortcut>
	<shortcut>
		<defaultID />
		<label>Adult Hideout</label>
		<label2>Custom item</label2>
		<icon>DefaultShortcut.png</icon>
		<thumb />
		<action>ActivateWindow(Videos,"plugin://plugin.video.adulthideout",return)</action>
	</shortcut>
	<shortcut>
		<defaultID />
		<label>VideoDevil</label>
		<label2>Custom item</label2>
		<icon>DefaultShortcut.png</icon>
		<thumb />
		<action>ActivateWindow(VideoLibrary,"plugin://plugin.video.videodevil",return)</action>
	</shortcut>
	<shortcut>
		<defaultID />
		<label>Best Porn</label>
		<label2>Custom item</label2>
		<icon>DefaultShortcut.png</icon>
		<thumb />
		<action>ActivateWindow(Videos,"plugin://plugin.video.bestporn",return)</action>
	</shortcut>
	<shortcut>
		<defaultID />
		<label>XnXX</label>
		<label2>Custom item</label2>
		<icon>DefaultShortcut.png</icon>
		<thumb />
		<action>ActivateWindow(Videos,"plugin://plugin.video.xnxx",return)</action>
	</shortcut>
	<shortcut>
		<defaultID />
		<label>You Jizz</label>
		<label2>Custom item</label2>
		<icon>DefaultShortcut.png</icon>
		<thumb />
		<action>ActivateWindow(Videos,"plugin://plugin.video.you.jizz",return)</action>
	</shortcut>
</shortcuts>
