<?xml version='1.0' encoding='UTF-8'?>
<shortcuts>
	<shortcut>
		<defaultID />
		<label>TURKS 4K &amp; 3D</label>
		<label2>Custom item</label2>
		<icon>DefaultShortcut.png</icon>
		<thumb />
		<action>ActivateWindow(Videos,"plugin://plugin.video.ukturk/?url=http%3A%2F%2Faddoncloud.org%2Fukturk%2FUKTurk%2Fmovies%2F3D.txt&amp;mode=1&amp;name=3D+%26+4K+Movies&amp;description=&amp;fanart=%2Fstorage%2Femulated%2F0%2FAndroid%2Fdata%2Forg.xbmc.kodi%2Ffiles%2F.kodi%2Faddons%2Fplugin.video.ukturk%2Ffanart.jpg&amp;iconimage=https%3A%2F%2Fi.imgur.com%2FUwg0QLh.jpg",return)</action>
	</shortcut>
	<shortcut>
		<defaultID />
		<label>AT THE FLIX 4K</label>
		<label2>Video Add-On</label2>
		<icon>DefaultShortcut.png</icon>
		<thumb>image://http%3a%2f%2fmavericktv.net%2fdata%2fflix%2ficon.png/</thumb>
		<action>ActivateWindow(Videos,"plugin://plugin.video.AtTheFlix/?mode=get_list&amp;url=http%3A%2F%2Fmavericktv.net%2Fdata%2Fflix%2Fflixmovies.xml&amp;name=%5BCOLOR+red%5D%5BB%5D4K+UHD+Movies%5B%2FB%5D%5B%2FCOLOR%5D&amp;iconimage=http%3A%2F%2Fmavericktv.net%2Fdata%2Fflix%2Ficon.png&amp;fanart=https%3A%2F%2Fi.imgur.com%2FJTwgLfz.jpg&amp;description=No+information+available",return)</action>
	</shortcut>
	<shortcut>
		<defaultID />
		<label>SUPREMACY RD</label>
		<label2>Custom item</label2>
		<icon>DefaultShortcut.png</icon>
		<thumb />
		<action>ActivateWindow(10025,"plugin://plugin.video.supremacy/?fanart=http%3a%2f%2fstephen-builds.uk%2fart%2f20839702_10207884860798337_363786087_o.jpg&amp;mode=1&amp;name=%5bCOLOR%20aqua%5dReal%20Debrid%20Movies%5b%2fCOLOR%5d&amp;url=http%3a%2f%2fstephen-builds.uk%2fsupremacy%2fReal%2520Debrid%2520Movies%2fReal%2520Debrid%2520Movies.xml",return)</action>
	</shortcut>
	<shortcut>
		<defaultID />
		<label>SUPREMACY 4K</label>
		<label2>Custom item</label2>
		<icon>DefaultShortcut.png</icon>
		<thumb />
		<action>ActivateWindow(10025,"plugin://plugin.video.supremacy/?fanart=http%3a%2f%2fstephen-builds.uk%2fart%2f20839702_10207884860798337_363786087_o.jpg&amp;mode=1&amp;name=%5bCOLOR%20aqua%5d4K%20Movies%5b%2fCOLOR%5d&amp;url=http%3a%2f%2fstephen-builds.uk%2fsupremacy%2f4K%2520Movies%2f4K%2520Movies.txt",return)</action>
	</shortcut>
	<shortcut>
		<defaultID />
		<label>MD REAL DEBRID</label>
		<label2>Video Add-On</label2>
		<icon>DefaultShortcut.png</icon>
		<thumb>image://http%3a%2f%2fsupremacy.org.uk%2ftombraider%2fdogsbollocks%2fIcons%2fdbicon.jpg/</thumb>
		<action>ActivateWindow(Videos,"plugin://plugin.video.themagicdragon/?url=http%3A%2F%2Fsupremacy.org.uk%2Ftombraider%2Fdogsbollocks%2Frealdebrid.txt&amp;mode=1&amp;name=%5BB%5D%5BI%5D%5BCOLORred%5DReal+Debrid+Movies%5B%2FB%5D%5B%2FI%5D%5B%2FCOLOR%5D&amp;fanart=https%3A%2F%2Fimages2.alphacoders.com%2F121%2F121150.jpg",return)</action>
	</shortcut>
	<shortcut>
		<defaultID />
		<label>MD 4K</label>
		<label2>Custom item</label2>
		<icon>DefaultShortcut.png</icon>
		<thumb />
		<action>ActivateWindow(Videos,"plugin://plugin.video.themagicdragon/?url=http%3A%2F%2Fsupremacy.org.uk%2Ftombraider%2Fdogsbollocks%2Fuhd.txt&amp;mode=1&amp;name=%5BB%5D%5BCOLORgold%5D4K+Movies%5B%2FCOLOR%5D%5B%2FB%5D&amp;fanart=https%3A%2F%2Fimages2.alphacoders.com%2F121%2F121150.jpg",return)</action>
	</shortcut>
	<shortcut>
		<defaultID>plugin.video.StarTec</defaultID>
		<label>*Star-Tec* RD</label>
		<label2>Custom item</label2>
		<icon>DefaultShortcut.png</icon>
		<thumb>image://%2fstorage%2femulated%2f0%2fAndroid%2fdata%2fcom.under.verse%2ffiles%2f.kodi%2faddons%2fplugin.video.StarTec%2ficon.png/</thumb>
		<action>ActivateWindow(Videos,"plugin://plugin.video.StarTec/?mode=get_list&amp;url=http%3A%2F%2Fgen-tec.co%2Fgentecwiz%2FPLEASE%2520SUBSCRIBE%2520TO%2520CHARLIE%2520TEC%2520YOUTUBE%2Fstar%2Fmovies%2FDEBRID.xml&amp;name=%5BB%5D%5BCOLOR+orange%5DREAL+DEBRID+%5B%2FCOLOR%5D%5BCOLOR+white%5D+MOVIES%5B%2FCOLOR%5D%5B%2FB%5D&amp;iconimage=http%3A%2F%2Fgen-tec.co%2Fgentecwiz%2FPLEASE%2520SUBSCRIBE%2520TO%2520CHARLIE%2520TEC%2520YOUTUBE%2Faddonicons%2Freal-debrid.png&amp;fanart=https%3A%2F%2Fthevpn.guru%2Fwp-content%2Fuploads%2F2017%2F08%2FHow-to-Install-Real-Debrid-on-Kodi-17-Krypton.jpg&amp;description=No+information+available",return)</action>
	</shortcut>
	<shortcut>
		<defaultID />
		<label>*STAR-TEC*4K</label>
		<label2>Video Add-On</label2>
		<icon>DefaultShortcut.png</icon>
		<thumb>image://http%3a%2f%2fgen-tec.co%2fgentecwiz%2fPLEASE%2520SUBSCRIBE%2520TO%2520CHARLIE%2520TEC%2520YOUTUBE%2faddonicons%2f4K.png/</thumb>
		<action>ActivateWindow(Videos,"plugin://plugin.video.StarTec/?mode=get_list&amp;url=http%3A%2F%2Fgen-tec.co%2Fgentecwiz%2FPLEASE%2520SUBSCRIBE%2520TO%2520CHARLIE%2520TEC%2520YOUTUBE%2Fstar%2Fmovies%2F4kmovies.xml&amp;name=%5BB%5D%5BCOLOR+orange%5D4K%5B%2FCOLOR%5D%5BCOLOR+white%5D+MOVIES%5B%2FCOLOR%5D%5B%2FB%5D&amp;iconimage=http%3A%2F%2Fgen-tec.co%2Fgentecwiz%2FPLEASE%2520SUBSCRIBE%2520TO%2520CHARLIE%2520TEC%2520YOUTUBE%2Faddonicons%2F4K.png&amp;fanart=http%3A%2F%2Fpin-insta-decor.com%2Fwp-content%2Fuploads%2F2016%2F07%2FHome-theater-ceiling-home-theater-contemporary-with-painted-wall-tray-ceiling-leather-chairs.jpg&amp;description=No+information+available",return)</action>
	</shortcut>
</shortcuts>
