<?xml version='1.0' encoding='UTF-8'?>
<shortcuts>
	<shortcut>
		<defaultID>movies</defaultID>
		<label>[B]MOVIES[/B]</label>
		<label2>Custom item</label2>
		<icon>special://skin/extras/icons/DefaultMovies.png</icon>
		<thumb />
		<action>ActivateWindow(Programs,"plugin://plugin.program.super.favourites/?label=Movies&amp;mode=400&amp;path=special%3A%2F%2Fprofile%2Faddon_data%2Fplugin.program.super.favourites%2FSuper+Favourites%5CBuild+Menus%5CMovies&amp;image=special%3A%2F%2Fhome%2Faddons%2Fplugin.video.1channel%2Ficon.png&amp;fanart=special%3A%2F%2Fhome%2Faddons%2Fplugin.video.1channel%2Ffanart.jpg&amp;content_type=",return)</action>
	</shortcut>
	<shortcut>
		<defaultID>tvshows</defaultID>
		<label>[B]TV SHOWS[/B]</label>
		<label2>Custom item</label2>
		<icon>special://skin/extras/icons/DefaultTVShows.png</icon>
		<thumb />
		<action>ActivateWindow(Programs,"plugin://plugin.program.super.favourites/?label=TV+Shows&amp;mode=400&amp;path=special%3A%2F%2Fprofile%2Faddon_data%2Fplugin.program.super.favourites%2FSuper+Favourites%5CBuild+Menus%5CTV+Shows&amp;image=special%3A%2F%2Fhome%2Faddons%2Fplugin.video.1channel%2Ficon.png&amp;fanart=special%3A%2F%2Fhome%2Faddons%2Fplugin.video.1channel%2Ffanart.jpg&amp;content_type=",return)</action>
	</shortcut>
	<shortcut>
		<defaultID />
		<label>[B]MORE[/B]</label>
		<label2>Custom item</label2>
		<icon>DefaultShortcut.png</icon>
		<thumb />
		<action>ActivateWindow(Programs,"plugin://plugin.program.super.favourites/?label=More&amp;mode=400&amp;path=special%3A%2F%2Fprofile%2Faddon_data%2Fplugin.program.super.favourites%2FSuper+Favourites%5CBuild+Menus%5CMore&amp;image=special%3A%2F%2Fhome%2Faddons%2Fplugin.video.Brettus.Documentaries%2Ficon.png&amp;fanart=special%3A%2F%2Fhome%2Faddons%2Fplugin.video.Brettus.Documentaries%2Ffanart.jpg&amp;content_type=",return)</action>
	</shortcut>
	<shortcut>
		<defaultID />
		<label>[B]COLLECTIONS[/B]</label>
		<label2>Custom item</label2>
		<icon>DefaultShortcut.png</icon>
		<thumb />
		<action>ActivateWindow(Programs,"plugin://plugin.program.super.favourites/?label=Collections&amp;mode=400&amp;path=special%3A%2F%2Fprofile%2Faddon_data%2Fplugin.program.super.favourites%2FSuper+Favourites%5CBuild+Menus%5CCollections&amp;image=C%3A%5CUsers%5CALSystems%5CDesktop%5CKodi173%5Cportable_data%5Caddons%5Cplugin.program.super.favourites%5Cicon.png&amp;fanart=C%3A%5CUsers%5CALSystems%5CDesktop%5CKodi173%5Cportable_data%5Caddons%5Cplugin.program.super.favourites%5Cfanart.jpg&amp;content_type=",return)</action>
	</shortcut>
	<shortcut>
		<defaultID />
		<label>[B]NETWORK[/B]</label>
		<label2>Custom item</label2>
		<icon>DefaultShortcut.png</icon>
		<thumb />
		<action>ActivateWindow(Videos,"plugin://plugin.video.elysium/?action=tvNetworks",return)</action>
		<disabled>True</disabled>
	</shortcut>
	<shortcut>
		<defaultID />
		<label>[B]NETWORKS[/B]</label>
		<label2>Custom item</label2>
		<icon>DefaultShortcut.png</icon>
		<thumb />
		<action>ActivateWindow(Videos,"plugin://plugin.video.elysiumlite/?mode=get_list&amp;url=file%3A%2F%2Fshared+lists%2Fnetworks.xml&amp;name=Networks&amp;iconimage=https%3A%2F%2Fraw.githubusercontent.com%2FOpenELEQ%2Frepository.elysium%2Fmaster%2Fimages%2FDefault%2Fnetworks.png&amp;fanart=C%3A%5CUsers%5CALSystems%5CDesktop%5CKodi173%5Cportable_data%5Caddons%5Cplugin.video.elysiumlite%5Cfanart.jpg&amp;description=No+information+available",return)</action>
	</shortcut>
	<shortcut>
		<defaultID>livetv</defaultID>
		<label>[B]LIVE TV[/B]</label>
		<label2>Custom item</label2>
		<icon>special://skin/extras/icons/DefaultAddonPVRClient.png</icon>
		<thumb />
		<action>ActivateWindow(Programs,"plugin://plugin.program.super.favourites/?label=Live+TV&amp;mode=400&amp;path=special%3A%2F%2Fprofile%2Faddon_data%2Fplugin.program.super.favourites%2FSuper+Favourites%2FBuild+Menus%2FLive+TV&amp;image=special%3A%2F%2Fhome%2Faddons%2Fplugin.video.AK-47%2Ficon.png&amp;fanart=special%3A%2F%2Fhome%2Faddons%2Fplugin.video.AK-47%2Ffanart.jpg&amp;content_type=",return)</action>
	</shortcut>
	<shortcut>
		<defaultID>musicvideos</defaultID>
		<label>[B]SPORTS[/B]</label>
		<label2>Custom item</label2>
		<icon>special://skin/extras/icons/DefaultMusicVideos.png</icon>
		<thumb />
		<action>ActivateWindow(Programs,"plugin://plugin.program.super.favourites/?label=__Sports+Addons&amp;mode=400&amp;path=special%3A%2F%2Fprofile%2Faddon_data%2Fplugin.program.super.favourites%2FSuper+Favourites%5CBuild+Menus%5CSports+WidgetB%5C__Sports+Addons&amp;image=https%3A%2F%2Fs30.postimg.org%2Fzcyfrrm7j%2Fmicsports.png&amp;fanart=http%3A%2F%2Fgamerlimit.com%2Fwp-content%2Fuploads%2F2016%2F04%2Foriginal.jpg&amp;content_type=",return)</action>
	</shortcut>
	<shortcut>
		<defaultID />
		<label>[B]MAGIC DRAGON[/B]</label>
		<label2>Custom item</label2>
		<icon>DefaultShortcut.png</icon>
		<thumb />
		<action>ActivateWindow(Videos,"plugin://plugin.video.themagicdragon",return)</action>
	</shortcut>
	<shortcut>
		<defaultID />
		<label>[B]ARRAKIS[/B]</label>
		<label2>Custom item</label2>
		<icon>DefaultShortcut.png</icon>
		<thumb />
		<action>ActivateWindow(Videos,"plugin://plugin.video.arrakis",return)</action>
		<disabled>True</disabled>
	</shortcut>
	<shortcut>
		<defaultID />
		<label>[B]UK TURK[/B]</label>
		<label2>Custom item</label2>
		<icon>DefaultShortcut.png</icon>
		<thumb />
		<action>ActivateWindow(Videos,"plugin://plugin.video.ukturk/?url=http%3A%2F%2Faddoncloud.org%2Fukturk%2FUKTurk%2Fmovies%2FIndex.txt&amp;mode=1&amp;name=Movies&amp;description=&amp;fanart=C%3A%5CUsers%5CALSystems%5CDesktop%5CKodi170%5Cportable_data%5Caddons%5Cplugin.video.ukturk%5Cfanart.jpg&amp;iconimage=http%3A%2F%2Faddoncloud.org%2Fukturk%2FUKTurk%2Fthumbs%2Fnew%2FUk%2520turk%2520thumbnails%2520movies1.jpg",return)</action>
	</shortcut>
	<shortcut>
		<defaultID />
		<label>[B]HER PLACE[/B]</label>
		<label2>Custom item</label2>
		<icon>DefaultShortcut.png</icon>
		<thumb />
		<action>ActivateWindow(Programs,"plugin://plugin.program.super.favourites/?label=Her+Place&amp;mode=400&amp;path=special%3A%2F%2Fprofile%2Faddon_data%2Fplugin.program.super.favourites%2FSuper+Favourites%5CBuild+Menus%5CHer+Place&amp;image=C%3A%5CUsers%5CALSystems%5CDesktop%5CKodi173%5Cportable_data%5Caddons%5Cplugin.program.super.favourites%5Cicon.png&amp;fanart=C%3A%5CUsers%5CALSystems%5CDesktop%5CKodi173%5Cportable_data%5Caddons%5Cplugin.program.super.favourites%5Cfanart.jpg&amp;content_type=",return)</action>
	</shortcut>
	<shortcut>
		<defaultID />
		<label>[B]XXX[/B]</label>
		<label2>Custom item</label2>
		<icon>DefaultShortcut.png</icon>
		<thumb />
		<action>ActivateWindow(Programs,"plugin://plugin.program.super.favourites/?label=XXX&amp;mode=400&amp;path=special%3A%2F%2Fprofile%2Faddon_data%2Fplugin.program.super.favourites%2FSuper+Favourites%5CBuild+Menus%5CXXX&amp;image=special%3A%2F%2Fhome%2Faddons%2Fplugin.video.adulthideout%2Ficon.png&amp;fanart=special%3A%2F%2Fhome%2Faddons%2Fplugin.video.adulthideout%2Ffanart.jpg&amp;content_type=",return)</action>
	</shortcut>
	<shortcut>
		<defaultID />
		<label>[B]FAVORITES[/B]</label>
		<label2>Custom item</label2>
		<icon>DefaultShortcut.png</icon>
		<thumb />
		<action>ActivateWindow(Favourites)</action>
	</shortcut>
	<shortcut>
		<defaultID />
		<label>[B]TOOLS[/B]</label>
		<label2>Custom item</label2>
		<icon>DefaultShortcut.png</icon>
		<thumb />
		<action>ActivateWindow(Programs,Addons,return)</action>
	</shortcut>
	<shortcut>
		<defaultID>settings</defaultID>
		<label>[B]SYSTEM[/B]</label>
		<label2>Custom item</label2>
		<icon>special://skin/extras/icons/DefaultAddonService.png</icon>
		<thumb />
		<action>ActivateWindow(Settings)</action>
	</shortcut>
	<shortcut>
		<defaultID />
		<label>[B]POWER[/B]</label>
		<label2>Custom item</label2>
		<icon>DefaultShortcut.png</icon>
		<thumb />
		<action>ActivateWindow(Shutdownmenu)</action>
	</shortcut>
	<shortcut>
		<defaultID>plugin.video.kmER</defaultID>
		<label>[B]KIDS[/B]</label>
		<label2>Custom item</label2>
		<icon>DefaultShortcut.png</icon>
		<thumb>image://%2fUsers%2fJon%2fLibrary%2fApplication%20Support%2fKodi%2faddons%2fplugin.video.kmER%2ficon.png/</thumb>
		<action>ActivateWindow(Programs,"plugin://plugin.program.super.favourites/?label=Kids&amp;mode=400&amp;path=special%3A%2F%2Fprofile%2Faddon_data%2Fplugin.program.super.favourites%2FSuper+Favourites%2FBuild+Menus%2FKids&amp;image=special%3A%2F%2Fhome%2Faddons%2Fplugin.video.bobbycart%2Ficon.png&amp;fanart=special%3A%2F%2Fhome%2Faddons%2Fplugin.video.bobbycart%2Ffanart.jpg&amp;content_type=",return)</action>
	</shortcut>
	<shortcut>
		<defaultID>music</defaultID>
		<label>[B]MUSIC[/B]</label>
		<label2>Custom item</label2>
		<icon>special://skin/extras/icons/DefaultAudio.png</icon>
		<thumb />
		<action>ActivateWindow(Programs,"plugin://plugin.program.super.favourites/?label=Music&amp;mode=400&amp;path=special%3A%2F%2Fprofile%2Faddon_data%2Fplugin.program.super.favourites%2FSuper+Favourites%2FBuild+Menus%2FMusic&amp;image=special%3A%2F%2Fhome%2Faddons%2Fplugin.video.allinone%2Ficons%2Fmusic.png&amp;fanart=special%3A%2F%2Fhome%2Faddons%2Fplugin.video.allinone%2Ficons%2Ffanart.png&amp;content_type=",return)</action>
	</shortcut>
</shortcuts>
