<?xml version='1.0' encoding='UTF-8'?>
<shortcuts>
	<shortcut>
		<defaultID />
		<label>Movie Madness</label>
		<label2>Custom item</label2>
		<icon>DefaultShortcut.png</icon>
		<thumb />
		<action>ActivateWindow(Videos,"plugin://plugin.video.picasso/?url=http%3A%2F%2Fmatsbuilds.uk%2FMenus%2FMovies%2FMainmenu.xml&amp;mode=26&amp;name=%5BB%5D%5BCOLOR+cyan%5DMovie+Madness%5B%2FCOLOR%5D%5B%2FB%5D&amp;description=&amp;fanart=C%3A%5CUsers%5CALSystems%5CDesktop%5CKodi173%5Cportable_data%5Caddons%5Cplugin.video.picasso%5Cfanart.png&amp;iconimage=http%3A%2F%2Fi.imgur.com%2FY2rejnc.png",return)</action>
	</shortcut>
	<shortcut>
		<defaultID />
		<label>Telly Box</label>
		<label2>Custom item</label2>
		<icon>DefaultShortcut.png</icon>
		<thumb />
		<action>ActivateWindow(Videos,"plugin://plugin.video.picasso/?url=http%3A%2F%2Fmatsbuilds.uk%2FMenus%2FTvShows%2FMainmenu.xml&amp;mode=27&amp;name=%5BB%5D%5BCOLOR+cyan%5DTelly+Box%5B%2FCOLOR%5D%5B%2FB%5D&amp;description=&amp;fanart=C%3A%5CUsers%5CALSystems%5CDesktop%5CKodi173%5Cportable_data%5Caddons%5Cplugin.video.picasso%5Cfanart.png&amp;iconimage=http%3A%2F%2Fi.imgur.com%2F63LrHYW.png",return)</action>
	</shortcut>
	<shortcut>
		<defaultID />
		<label>Sports</label>
		<label2>Custom item</label2>
		<icon>DefaultShortcut.png</icon>
		<thumb />
		<action>ActivateWindow(Videos,"plugin://plugin.video.picasso/?url=http%3A%2F%2Fmatsbuilds.uk%2FMenus%2FLivestreams%2FSports%2FMainmenu.xml&amp;mode=1&amp;name=%5BB%5D%5BCOLOR+cyan%5DSports%5B%2FCOLOR%5D%5B%2FB%5D&amp;description=&amp;fanart=http%3A%2F%2Fi.imgur.com%2Fjz9gffT.png&amp;iconimage=https%3A%2F%2Fi.imgur.com%2FX06EvRh.png",return)</action>
	</shortcut>
	<shortcut>
		<defaultID />
		<label>Tunes</label>
		<label2>Custom item</label2>
		<icon>DefaultShortcut.png</icon>
		<thumb />
		<action>ActivateWindow(Videos,"plugin://plugin.video.picasso/?url=http%3A%2F%2Fmatsbuilds.uk%2FMenus%2FMusic%2FMainmenu.xml&amp;mode=1&amp;name=%5BB%5D%5BCOLOR+cyan%5DTunes%5B%2FCOLOR%5D%5B%2FB%5D&amp;description=&amp;fanart=http%3A%2F%2Fi.imgur.com%2Fjz9gffT.png&amp;iconimage=http%3A%2F%2Fi.imgur.com%2FoZVZgbG.png",return)</action>
	</shortcut>
	<shortcut>
		<defaultID />
		<label>Docutainment</label>
		<label2>Custom item</label2>
		<icon>DefaultShortcut.png</icon>
		<thumb />
		<action>ActivateWindow(Videos,"plugin://plugin.video.picasso/?url=http%3A%2F%2Fmatsbuilds.uk%2FMenus%2FDocs%2Fmainmenu.xml&amp;mode=1&amp;name=%5BB%5D%5BCOLOR+cyan%5DDocutainment%5B%2FCOLOR%5D%5B%2FB%5D&amp;description=&amp;fanart=http%3A%2F%2Fi.imgur.com%2Fjz9gffT.png&amp;iconimage=http%3A%2F%2Fi.imgur.com%2FtLZUJ1S.png",return)</action>
	</shortcut>
	<shortcut>
		<defaultID />
		<label>Keep Fit</label>
		<label2>Custom item</label2>
		<icon>DefaultShortcut.png</icon>
		<thumb />
		<action>ActivateWindow(Videos,"plugin://plugin.video.picasso/?url=http%3A%2F%2Fmatsbuilds.uk%2FMenus%2FFitness%2FMainmenu.xml&amp;mode=1&amp;name=%5BB%5D%5BCOLOR+cyan%5DKeep+Fit%5B%2FCOLOR%5D%5B%2FB%5D&amp;description=&amp;fanart=http%3A%2F%2Fi.imgur.com%2Fjz9gffT.png&amp;iconimage=http%3A%2F%2Fi.imgur.com%2F5CEsuZU.png",return)</action>
	</shortcut>
	<shortcut>
		<defaultID />
		<label>LOL</label>
		<label2>Custom item</label2>
		<icon>DefaultShortcut.png</icon>
		<thumb />
		<action>ActivateWindow(Videos,"plugin://plugin.video.picasso/?url=http%3A%2F%2Fmatsbuilds.uk%2FMenus%2FComedy%2FMainmenu.xml&amp;mode=1&amp;name=%5BB%5D%5BCOLOR+cyan%5DLOL%5B%2FCOLOR%5D%5B%2FB%5D&amp;description=&amp;fanart=http%3A%2F%2Fi.imgur.com%2Fjz9gffT.png&amp;iconimage=http%3A%2F%2Fi.imgur.com%2FdETMe70.png",return)</action>
	</shortcut>
	<shortcut>
		<defaultID />
		<label>Talk to Me</label>
		<label2>Custom item</label2>
		<icon>DefaultShortcut.png</icon>
		<thumb />
		<action>ActivateWindow(Videos,"plugin://plugin.video.picasso/?url=http%3A%2F%2Fmatsbuilds.uk%2FMenus%2FAudiobooks%2Faudiobooksmenu.txt&amp;mode=1&amp;name=%5BB%5D%5BCOLOR+cyan%5DTalk+To+Me%5B%2FCOLOR%5D%5B%2FB%5D&amp;description=&amp;fanart=http%3A%2F%2Fi.imgur.com%2Fjz9gffT.png&amp;iconimage=http%3A%2F%2Fi.imgur.com%2FM6sAacL.png",return)</action>
	</shortcut>
	<shortcut>
		<defaultID />
		<label>Little Ones</label>
		<label2>Custom item</label2>
		<icon>DefaultShortcut.png</icon>
		<thumb />
		<action>ActivateWindow(Videos,"plugin://plugin.video.picasso/?url=http%3A%2F%2Fmatsbuilds.uk%2FMenus%2FKids%2FMainmenu.xml&amp;mode=1&amp;name=%5BB%5D%5BCOLOR+cyan%5DLittle+Ones%5B%2FCOLOR%5D%5B%2FB%5D&amp;description=&amp;fanart=http%3A%2F%2Fi.imgur.com%2Fjz9gffT.png&amp;iconimage=http%3A%2F%2Fi.imgur.com%2FTEdKgMQ.png",return)</action>
	</shortcut>
	<shortcut>
		<defaultID />
		<label>How To</label>
		<label2>Custom item</label2>
		<icon>DefaultShortcut.png</icon>
		<thumb />
		<action>ActivateWindow(Videos,"plugin://plugin.video.picasso/?url=http%3A%2F%2Fmatsbuilds.uk%2FMenus%2FHowto%2Fhowto.txt&amp;mode=1&amp;name=%5BCOLOR+yellow%5D%5BB%5DHow+To%5B%2FB%5D%5B%2FCOLOR%5D&amp;description=&amp;fanart=http%3A%2F%2Fi.imgur.com%2Fjz9gffT.png&amp;iconimage=http%3A%2F%2Fi.imgur.com%2F2t0zUQ1.png",return)</action>
	</shortcut>
	<shortcut>
		<defaultID />
		<label>Magic</label>
		<label2>Custom item</label2>
		<icon>DefaultShortcut.png</icon>
		<thumb />
		<action>ActivateWindow(Videos,"plugin://plugin.video.picasso/?url=http%3A%2F%2Fmatsbuilds.uk%2FMenus%2FHowto%2Fmagic.txt&amp;mode=1&amp;name=%5BCOLOR+yellow%5D%5BB%5DMagic%5B%2FB%5D%5B%2FCOLOR%5D&amp;description=&amp;fanart=http%3A%2F%2Fi.imgur.com%2Fjz9gffT.png&amp;iconimage=http%3A%2F%2Fi.imgur.com%2F9dLmG5S.png",return)</action>
	</shortcut>
	<shortcut>
		<defaultID />
		<label>Get Scared</label>
		<label2>Custom item</label2>
		<icon>DefaultShortcut.png</icon>
		<thumb />
		<action>ActivateWindow(Videos,"plugin://plugin.video.picasso/?url=http%3A%2F%2Fmatsbuilds.uk%2FMenus%2Fhorror%2Fhorrormenu.txt&amp;mode=1&amp;name=%5BB%5D%5BCOLOR+cyan%5DGet+Scared%5B%2FCOLOR%5D%5B%2FB%5D&amp;description=&amp;fanart=http%3A%2F%2Fi.imgur.com%2Fjz9gffT.png&amp;iconimage=http%3A%2F%2Fi.imgur.com%2FEkrTgPI.png",return)</action>
	</shortcut>
</shortcuts>
