<?xml version='1.0' encoding='UTF-8'?>
<shortcuts>
	<shortcut>
		<defaultID />
		<label>Messiah</label>
		<label2>Custom item</label2>
		<icon>DefaultShortcut.png</icon>
		<thumb />
		<action>ActivateWindow(Videos,"plugin://plugin.video.arrakis/?mode=get_list&amp;url=file%3A%2F%2Fdune.xml&amp;name=Messiah&amp;iconimage=https%3A%2F%2Fraw.githubusercontent.com%2Fmuaddibttv%2Fartwork%2Fmaster%2Farrakis%2Fmessiah.png&amp;fanart=C%3A%5CUsers%5CALSystems%5CDesktop%5CKodi173%5Cportable_data%5Caddons%5Cplugin.video.arrakis%5Cfanart.jpg&amp;description=No+information+available",return)</action>
	</shortcut>
	<shortcut>
		<defaultID />
		<label>24/7 Movies &amp; TV Shows</label>
		<label2>Custom item</label2>
		<icon>DefaultShortcut.png</icon>
		<thumb />
		<action>ActivateWindow(Videos,"plugin://plugin.video.arrakis/?mode=get_list&amp;url=file%3A%2F%2Farconai.xml&amp;name=24%2F7+Movies+and+TV+Shows&amp;iconimage=https%3A%2F%2Fraw.githubusercontent.com%2Fmuaddibttv%2Fartwork%2Fmaster%2Farrakis%2F247.png&amp;fanart=C%3A%5CUsers%5CALSystems%5CDesktop%5CKodi173%5Cportable_data%5Caddons%5Cplugin.video.arrakis%5Cfanart.jpg&amp;description=No+information+available",return)</action>
	</shortcut>
	<shortcut>
		<defaultID />
		<label>4K Movies &amp; TV Shows</label>
		<label2>Custom item</label2>
		<icon>DefaultShortcut.png</icon>
		<thumb />
		<action>ActivateWindow(Videos,"plugin://plugin.video.arrakis/?mode=get_list&amp;url=file%3A%2F%2F4k.xml&amp;name=4K+Movies+and+TV+Shows&amp;iconimage=https%3A%2F%2Fraw.githubusercontent.com%2Fmuaddibttv%2Fartwork%2Fmaster%2Farrakis%2F4k.png&amp;fanart=C%3A%5CUsers%5CALSystems%5CDesktop%5CKodi173%5Cportable_data%5Caddons%5Cplugin.video.arrakis%5Cfanart.jpg&amp;description=No+information+available",return)</action>
	</shortcut>
	<shortcut>
		<defaultID />
		<label>Arrakis TV</label>
		<label2>Custom item</label2>
		<icon>DefaultShortcut.png</icon>
		<thumb />
		<action>ActivateWindow(Videos,"plugin://plugin.video.arrakis/?mode=get_list&amp;url=file%3A%2F%2Flive%2Fmain.xml&amp;name=Arrakis+TV&amp;iconimage=https%3A%2F%2Fraw.githubusercontent.com%2Fmuaddibttv%2Fartwork%2Fmaster%2Farrakis%2Flivetv.png&amp;fanart=C%3A%5CUsers%5CALSystems%5CDesktop%5CKodi173%5Cportable_data%5Caddons%5Cplugin.video.arrakis%5Cfanart.jpg&amp;description=No+information+available",return)</action>
	</shortcut>
	<shortcut>
		<defaultID />
		<label>Movie Mania</label>
		<label2>Custom item</label2>
		<icon>DefaultShortcut.png</icon>
		<thumb />
		<action>ActivateWindow(Videos,"plugin://plugin.video.arrakis/?mode=get_list&amp;url=file%3A%2F%2Fmoviemania%2Fmain.xml&amp;name=Movie+Mania&amp;iconimage=https%3A%2F%2Fraw.githubusercontent.com%2Fmuaddibttv%2Fartwork%2Fmaster%2Farrakis%2Fmovies.png&amp;fanart=C%3A%5CUsers%5CALSystems%5CDesktop%5CKodi173%5Cportable_data%5Caddons%5Cplugin.video.arrakis%5Cfanart.jpg&amp;description=No+information+available",return)</action>
	</shortcut>
	<shortcut>
		<defaultID />
		<label>Anime &amp; Toons</label>
		<label2>Custom item</label2>
		<icon>DefaultShortcut.png</icon>
		<thumb />
		<action>ActivateWindow(Videos,"plugin://plugin.video.arrakis/?mode=get_list&amp;url=file%3A%2F%2Fanime.xml&amp;name=Anime+and+Toons&amp;iconimage=https%3A%2F%2Fraw.githubusercontent.com%2Fmuaddibttv%2Fartwork%2Fmaster%2Farrakis%2Fanime.png&amp;fanart=C%3A%5CUsers%5CALSystems%5CDesktop%5CKodi173%5Cportable_data%5Caddons%5Cplugin.video.arrakis%5Cfanart.jpg&amp;description=No+information+available",return)</action>
	</shortcut>
	<shortcut>
		<defaultID />
		<label>Documented</label>
		<label2>Custom item</label2>
		<icon>DefaultShortcut.png</icon>
		<thumb />
		<action>ActivateWindow(Videos,"plugin://plugin.video.arrakis/?mode=get_list&amp;url=file%3A%2F%2Fdocumented%2Fmain.xml&amp;name=Documented&amp;iconimage=https%3A%2F%2Fraw.githubusercontent.com%2Fmuaddibttv%2Fartwork%2Fmaster%2Farrakis%2Fdocu.png&amp;fanart=C%3A%5CUsers%5CALSystems%5CDesktop%5CKodi173%5Cportable_data%5Caddons%5Cplugin.video.arrakis%5Cfanart.jpg&amp;description=No+information+available",return)</action>
	</shortcut>
	<shortcut>
		<defaultID />
		<label>Sports Hub</label>
		<label2>Custom item</label2>
		<icon>DefaultShortcut.png</icon>
		<thumb />
		<action>ActivateWindow(Videos,"plugin://plugin.video.arrakis/?mode=get_list&amp;url=file%3A%2F%2Fsports%2Fmain.xml&amp;name=Sports+Hub&amp;iconimage=https%3A%2F%2Fraw.githubusercontent.com%2Fmuaddibttv%2Fartwork%2Fmaster%2Farrakis%2Fsports.png&amp;fanart=C%3A%5CUsers%5CALSystems%5CDesktop%5CKodi173%5Cportable_data%5Caddons%5Cplugin.video.arrakis%5Cfanart.jpg&amp;description=No+information+available",return)</action>
	</shortcut>
	<shortcut>
		<defaultID />
		<label>Kid Play Room</label>
		<label2>Custom item</label2>
		<icon>DefaultShortcut.png</icon>
		<thumb />
		<action>ActivateWindow(Videos,"plugin://plugin.video.arrakis/?mode=get_list&amp;url=file%3A%2F%2Fkids.xml&amp;name=Kids+Play+Room&amp;iconimage=https%3A%2F%2Fraw.githubusercontent.com%2Fmuaddibttv%2Fartwork%2Fmaster%2Farrakis%2Fkids.png&amp;fanart=C%3A%5CUsers%5CALSystems%5CDesktop%5CKodi173%5Cportable_data%5Caddons%5Cplugin.video.arrakis%5Cfanart.jpg&amp;description=No+information+available",return)</action>
	</shortcut>
	<shortcut>
		<defaultID />
		<label>Live &amp; Loud</label>
		<label2>Custom item</label2>
		<icon>DefaultShortcut.png</icon>
		<thumb />
		<action>ActivateWindow(Videos,"plugin://plugin.video.arrakis/?mode=get_list&amp;url=file%3A%2F%2Fconcerts.xml&amp;name=Live+and+Loud&amp;iconimage=https%3A%2F%2Fraw.githubusercontent.com%2Fmuaddibttv%2Fartwork%2Fmaster%2Farrakis%2Fliveandloud.png&amp;fanart=C%3A%5CUsers%5CALSystems%5CDesktop%5CKodi173%5Cportable_data%5Caddons%5Cplugin.video.arrakis%5Cfanart.jpg&amp;description=No+information+available",return)</action>
	</shortcut>
	<shortcut>
		<defaultID />
		<label>Loud &amp; Proud</label>
		<label2>Custom item</label2>
		<icon>DefaultShortcut.png</icon>
		<thumb />
		<action>ActivateWindow(Videos,"plugin://plugin.video.arrakis/?mode=get_list&amp;url=file%3A%2F%2Fmusicwtf%2Fmain.xml&amp;name=Loud+and+Proud&amp;iconimage=https%3A%2F%2Fraw.githubusercontent.com%2Fmuaddibttv%2Fartwork%2Fmaster%2Farrakis%2Floudandproud.png&amp;fanart=C%3A%5CUsers%5CALSystems%5CDesktop%5CKodi173%5Cportable_data%5Caddons%5Cplugin.video.arrakis%5Cfanart.jpg&amp;description=No+information+available",return)</action>
	</shortcut>
	<shortcut>
		<defaultID />
		<label>The Spice Room</label>
		<label2>Custom item</label2>
		<icon>DefaultShortcut.png</icon>
		<thumb />
		<action>ActivateWindow(Videos,"plugin://plugin.video.arrakis/?mode=PASSREQ&amp;url=QXJyYWtpUG9ybnxmaWxlOi8vYWR1bHQvbWFpbi54bWw%3D&amp;name=The+Spice+Room&amp;iconimage=https%3A%2F%2Fraw.githubusercontent.com%2Fmuaddibttv%2Fartwork%2Fmaster%2Farrakis%2Fspiceroom.png&amp;fanart=C%3A%5CUsers%5CALSystems%5CDesktop%5CKodi173%5Cportable_data%5Caddons%5Cplugin.video.arrakis%5Cfanart.jpg&amp;description=No+information+available",return)</action>
	</shortcut>
	<shortcut>
		<defaultID />
		<label>Network Nation</label>
		<label2>Custom item</label2>
		<icon>DefaultShortcut.png</icon>
		<thumb />
		<action>ActivateWindow(Videos,"plugin://plugin.video.arrakis/?mode=get_list&amp;url=file%3A%2F%2Fnetworks.xml&amp;name=Network+Nation&amp;iconimage=https%3A%2F%2Fraw.githubusercontent.com%2Fmuaddibttv%2Fartwork%2Fmaster%2Farrakis%2Fnetworks.png&amp;fanart=C%3A%5CUsers%5CALSystems%5CDesktop%5CKodi173%5Cportable_data%5Caddons%5Cplugin.video.arrakis%5Cfanart.jpg&amp;description=No+information+available",return)</action>
	</shortcut>
	<shortcut>
		<defaultID />
		<label>The Archives</label>
		<label2>Custom item</label2>
		<icon>DefaultShortcut.png</icon>
		<thumb />
		<action>ActivateWindow(Videos,"plugin://plugin.video.arrakis/?mode=get_list&amp;url=file%3A%2F%2Farchives%2Fmain.xml&amp;name=The+Archives&amp;iconimage=https%3A%2F%2Fraw.githubusercontent.com%2Fmuaddibttv%2Fartwork%2Fmaster%2Farrakis%2Farchives.png&amp;fanart=C%3A%5CUsers%5CALSystems%5CDesktop%5CKodi173%5Cportable_data%5Caddons%5Cplugin.video.arrakis%5Cfanart.jpg&amp;description=No+information+available",return)</action>
	</shortcut>
	<shortcut>
		<defaultID />
		<label>The Voices Within</label>
		<label2>Custom item</label2>
		<icon>DefaultShortcut.png</icon>
		<thumb />
		<action>ActivateWindow(Videos,"plugin://plugin.video.arrakis/?mode=get_list&amp;url=file%3A%2F%2Fpodcasts%2Fmain.xml&amp;name=The+Voices+Within&amp;iconimage=https%3A%2F%2Fraw.githubusercontent.com%2Fmuaddibttv%2Fartwork%2Fmaster%2Farrakis%2Fvoices.png&amp;fanart=C%3A%5CUsers%5CALSystems%5CDesktop%5CKodi173%5Cportable_data%5Caddons%5Cplugin.video.arrakis%5Cfanart.jpg&amp;description=No+information+available",return)</action>
	</shortcut>
	<shortcut>
		<defaultID />
		<label>To be a Hero</label>
		<label2>Custom item</label2>
		<icon>DefaultShortcut.png</icon>
		<thumb />
		<action>ActivateWindow(Videos,"plugin://plugin.video.arrakis/?mode=get_list&amp;url=file%3A%2F%2Fdasupers.xml&amp;name=To+Be+A+Hero&amp;iconimage=https%3A%2F%2Fraw.githubusercontent.com%2Fmuaddibttv%2Fartwork%2Fmaster%2Farrakis%2Fhero.png&amp;fanart=C%3A%5CUsers%5CALSystems%5CDesktop%5CKodi173%5Cportable_data%5Caddons%5Cplugin.video.arrakis%5Cfanart.jpg&amp;description=No+information+available",return)</action>
	</shortcut>
	<shortcut>
		<defaultID />
		<label>Settings</label>
		<label2>Custom item</label2>
		<icon>DefaultShortcut.png</icon>
		<thumb />
		<action>ActivateWindow(Videos,"plugin://plugin.video.arrakis/?mode=get_list&amp;url=file%3A%2F%2Fmsettings.xml&amp;name=Settings&amp;iconimage=https%3A%2F%2Fraw.githubusercontent.com%2Fmuaddibttv%2Fartwork%2Fmaster%2Farrakis%2Fsettings.png&amp;fanart=C%3A%5CUsers%5CALSystems%5CDesktop%5CKodi173%5Cportable_data%5Caddons%5Cplugin.video.arrakis%5Cfanart.jpg&amp;description=No+information+available",return)</action>
	</shortcut>
</shortcuts>
