<?xml version='1.0' encoding='UTF-8'?>
<shortcuts>
	<shortcut>
		<defaultID />
		<label>People Watching</label>
		<label2>Video Add-On</label2>
		<icon>DefaultShortcut.png</icon>
		<thumb>image://http%3a%2f%2fsupremacy.org.uk%2ftombraider%2fdogsbollocks%2fIcons%2fdbicon.jpg/</thumb>
		<action>ActivateWindow(Videos,"plugin://plugin.video.thedogsbollocks/?url=http%3A%2F%2Fsupremacy.org.uk%2Ftombraider%2Fdogsbollocks%2Fpopular.txt&amp;mode=1&amp;name=%5BB%5D%5BI%5D%5BCOLORwhite%5DPeople+Watching%5B%2FB%5D%5B%2FI%5D%5B%2FCOLOR%5D&amp;fanart=https%3A%2F%2Fwallpaperscraft.com%2Fimage%2Fpuppy_fold_bulldog_cute_dog_51167_1920x1080.jpg",return)</action>
	</shortcut>
	<shortcut>
		<defaultID />
		<label>New CAMs</label>
		<label2>Custom item</label2>
		<icon>DefaultShortcut.png</icon>
		<thumb />
		<action>ActivateWindow(Videos,"plugin://plugin.video.thedogsbollocks/?url=http%3A%2F%2Fsupremacy.org.uk%2Ftombraider%2Fdogsbollocks%2Fcams.txt&amp;mode=1&amp;name=%5BB%5D%5BI%5D%5BCOLORwhite%5DNew+Cams%2FHDTS+Releases%5B%2FB%5D%5B%2FI%5D%5B%2FCOLOR%5D&amp;fanart=https%3A%2F%2Fwallpaperscraft.com%2Fimage%2Fpuppy_fold_bulldog_cute_dog_51167_1920x1080.jpg",return)</action>
	</shortcut>
	<shortcut>
		<defaultID />
		<label>New Releases</label>
		<label2>Custom item</label2>
		<icon>DefaultShortcut.png</icon>
		<thumb />
		<action>ActivateWindow(Videos,"plugin://plugin.video.thedogsbollocks/?url=http%3A%2F%2Fsupremacy.org.uk%2Ftombraider%2Fdogsbollocks%2Fnewreleases.txt&amp;mode=1&amp;name=%5BB%5D%5BI%5D%5BCOLORwhite%5DNew+Movie+Releases%5B%2FB%5D%5B%2FI%5D%5B%2FCOLOR%5D&amp;fanart=https%3A%2F%2Fwallpaperscraft.com%2Fimage%2Fpuppy_fold_bulldog_cute_dog_51167_1920x1080.jpg",return)</action>
	</shortcut>
	<shortcut>
		<defaultID />
		<label>New Screeners</label>
		<label2>Custom item</label2>
		<icon>DefaultShortcut.png</icon>
		<thumb />
		<action>ActivateWindow(Videos,"plugin://plugin.video.thedogsbollocks/?url=http%3A%2F%2Fsupremacy.org.uk%2Ftombraider%2Fdogsbollocks%2Fscreeners.txt&amp;mode=1&amp;name=%5BB%5D%5BI%5D%5BCOLORwhite%5DNew+Movie+Releases+Screeners%5B%2FB%5D%5B%2FI%5D%5B%2FCOLOR%5D&amp;fanart=https%3A%2F%2Fwallpaperscraft.com%2Fimage%2Fpuppy_fold_bulldog_cute_dog_51167_1920x1080.jpg",return)</action>
	</shortcut>
	<shortcut>
		<defaultID />
		<label>Catch Up TV</label>
		<label2>Custom item</label2>
		<icon>DefaultShortcut.png</icon>
		<thumb />
		<action>ActivateWindow(Videos,"plugin://plugin.video.thedogsbollocks/?url=http%3A%2F%2Fsupremacy.org.uk%2Ftombraider%2Fdogsbollocks%2Flatesttv.txt&amp;mode=1&amp;name=%5BB%5D%5BI%5D%5BCOLORwhite%5DCatch+Up+TV%5B%2FB%5D%5B%2FI%5D%5B%2FCOLOR%5D&amp;fanart=https%3A%2F%2Fwallpaperscraft.com%2Fimage%2Fpuppy_fold_bulldog_cute_dog_51167_1920x1080.jpg",return)</action>
	</shortcut>
	<shortcut>
		<defaultID />
		<label>Documentary</label>
		<label2>Custom item</label2>
		<icon>DefaultShortcut.png</icon>
		<thumb />
		<action>ActivateWindow(Videos,"plugin://plugin.video.thedogsbollocks/?url=http%3A%2F%2Fsupremacy.org.uk%2Ftombraider%2Fdogsbollocks%2Fdocumentaries.txt&amp;mode=1&amp;name=%5BB%5D%5BI%5D%5BCOLORwhite%5DDocumentary%5B%2FB%5D%5B%2FI%5D%5B%2FCOLOR%5D&amp;fanart=https%3A%2F%2Fwallpaperscraft.com%2Fimage%2Fpuppy_fold_bulldog_cute_dog_51167_1920x1080.jpg",return)</action>
	</shortcut>
	<shortcut>
		<defaultID />
		<label>Kids</label>
		<label2>Custom item</label2>
		<icon>DefaultShortcut.png</icon>
		<thumb />
		<action>ActivateWindow(Videos,"plugin://plugin.video.thedogsbollocks/?url=http%3A%2F%2Fsupremacy.org.uk%2Ftombraider%2Fdogsbollocks%2Fkidszone.txt&amp;mode=1&amp;name=%5BB%5D%5BI%5D%5BCOLORwhite%5DKids%5B%2FB%5D%5B%2FI%5D%5B%2FCOLOR%5D&amp;fanart=https%3A%2F%2Fwallpaperscraft.com%2Fimage%2Fpuppy_fold_bulldog_cute_dog_51167_1920x1080.jpg",return)</action>
	</shortcut>
	<shortcut>
		<defaultID />
		<label>Movies</label>
		<label2>Custom item</label2>
		<icon>DefaultShortcut.png</icon>
		<thumb />
		<action>ActivateWindow(Videos,"plugin://plugin.video.thedogsbollocks/?url=http%3A%2F%2Fsupremacy.org.uk%2Ftombraider%2Fdogsbollocks%2Fmoviezone.txt&amp;mode=1&amp;name=%5BB%5D%5BI%5D%5BCOLORwhite%5DMovies%5B%2FB%5D%5B%2FI%5D%5B%2FCOLOR%5D&amp;fanart=https%3A%2F%2Fwallpaperscraft.com%2Fimage%2Fpuppy_fold_bulldog_cute_dog_51167_1920x1080.jpg",return)</action>
	</shortcut>
	<shortcut>
		<defaultID />
		<label>Music</label>
		<label2>Custom item</label2>
		<icon>DefaultShortcut.png</icon>
		<thumb />
		<action>ActivateWindow(Videos,"plugin://plugin.video.thedogsbollocks/?url=http%3A%2F%2Fsupremacy.org.uk%2Ftombraider%2Fdogsbollocks%2Fmusic.txt&amp;mode=1&amp;name=%5BB%5D%5BI%5D%5BCOLORwhite%5DMusic%5B%2FB%5D%5B%2FI%5D%5B%2FCOLOR%5D&amp;fanart=https%3A%2F%2Fwallpaperscraft.com%2Fimage%2Fpuppy_fold_bulldog_cute_dog_51167_1920x1080.jpg",return)</action>
	</shortcut>
	<shortcut>
		<defaultID />
		<label>Radio</label>
		<label2>Custom item</label2>
		<icon>DefaultShortcut.png</icon>
		<thumb />
		<action>ActivateWindow(Videos,"plugin://plugin.video.thedogsbollocks/?url=http%3A%2F%2Fsupremacy.org.uk%2Ftombraider%2Fdogsbollocks%2Fradio.txt&amp;mode=1&amp;name=%5BB%5D%5BI%5D%5BCOLORwhite%5DRadio%5B%2FB%5D%5B%2FI%5D%5B%2FCOLOR%5D&amp;fanart=https%3A%2F%2Fwallpaperscraft.com%2Fimage%2Fpuppy_fold_bulldog_cute_dog_51167_1920x1080.jpg",return)</action>
	</shortcut>
	<shortcut>
		<defaultID />
		<label>Sport</label>
		<label2>Custom item</label2>
		<icon>DefaultShortcut.png</icon>
		<thumb />
		<action>ActivateWindow(Videos,"plugin://plugin.video.thedogsbollocks/?url=http%3A%2F%2Fsupremacy.org.uk%2Ftombraider%2Fdogsbollocks%2Fsport.txt&amp;mode=1&amp;name=%5BB%5D%5BI%5D%5BCOLORwhite%5DSport%5B%2FB%5D%5B%2FI%5D%5B%2FCOLOR%5D&amp;fanart=https%3A%2F%2Fwallpaperscraft.com%2Fimage%2Fpuppy_fold_bulldog_cute_dog_51167_1920x1080.jpg",return)</action>
	</shortcut>
	<shortcut>
		<defaultID />
		<label>TV/Entertainment</label>
		<label2>Custom item</label2>
		<icon>DefaultShortcut.png</icon>
		<thumb />
		<action>ActivateWindow(Videos,"plugin://plugin.video.thedogsbollocks/?url=http%3A%2F%2Fsupremacy.org.uk%2Ftombraider%2Fdogsbollocks%2Ftventertainment.txt&amp;mode=1&amp;name=%5BB%5D%5BI%5D%5BCOLORwhite%5DTV%2FEntertainment%5B%2FB%5D%5B%2FI%5D%5B%2FCOLOR%5D&amp;fanart=https%3A%2F%2Fwallpaperscraft.com%2Fimage%2Fpuppy_fold_bulldog_cute_dog_51167_1920x1080.jpg",return)</action>
	</shortcut>
</shortcuts>
