<?xml version='1.0' encoding='UTF-8'?>
<shortcuts>
	<shortcut>
		<defaultID />
		<label>[COLOR=aqua]Search[/COLOR]</label>
		<label2>Custom item</label2>
		<icon>DefaultShortcut.png</icon>
		<thumb />
		<action>ActivateWindow(Videos,"plugin://plugin.video.themagicdragon/?url=%5BB%5D%5BI%5D%5BCOLORred%5D%22MOVIE+SEARCH%22%5B%2FB%5D%5B%2FI%5D%5B%2FCOLOR%5D&amp;mode=41&amp;name=%5BB%5D%5BI%5D%5BCOLORred%5D%22MOVIE+SEARCH%22%5B%2FB%5D%5B%2FI%5D%5B%2FCOLOR%5D&amp;fanart=C%3A%5CUsers%5CALSystems%5CDesktop%5CKodi173%5Cportable_data%5Caddons%5Cplugin.video.themagicdragon%5Cfanart.jpg",return)</action>
	</shortcut>
	<shortcut>
		<defaultID />
		<label>Movies</label>
		<label2>Custom item</label2>
		<icon>DefaultShortcut.png</icon>
		<thumb />
		<action>ActivateWindow(Videos,"plugin://plugin.video.themagicdragon/?url=http%3A%2F%2Fsupremacy.org.uk%2Ftombraider%2Fdogsbollocks%2Fmoviezone.txt&amp;mode=1&amp;name=%5BB%5D%5BI%5D%5BCOLORpink%5DMovies%5B%2FB%5D%5B%2FI%5D%5B%2FCOLOR%5D&amp;fanart=https%3A%2F%2Fimages2.alphacoders.com%2F121%2F121150.jpg",return)</action>
	</shortcut>
	<shortcut>
		<defaultID />
		<label>Catch Up TV</label>
		<label2>Custom item</label2>
		<icon>DefaultShortcut.png</icon>
		<thumb />
		<action>ActivateWindow(Videos,"plugin://plugin.video.themagicdragon/?url=http%3A%2F%2Fsupremacy.org.uk%2Ftombraider%2Fdogsbollocks%2Flatesttv.txt&amp;mode=1&amp;name=%5BB%5D%5BI%5D%5BCOLORgold%5DCatch+Up+TV%5B%2FB%5D%5B%2FI%5D%5B%2FCOLOR%5D&amp;fanart=https%3A%2F%2Fimages2.alphacoders.com%2F121%2F121150.jpg",return)</action>
	</shortcut>
	<shortcut>
		<defaultID />
		<label>Documentary</label>
		<label2>Custom item</label2>
		<icon>DefaultShortcut.png</icon>
		<thumb />
		<action>ActivateWindow(Videos,"plugin://plugin.video.themagicdragon/?url=http%3A%2F%2Fsupremacy.org.uk%2Ftombraider%2Fdogsbollocks%2Fdocumentaries.txt&amp;mode=1&amp;name=%5BB%5D%5BI%5D%5BCOLORgreenyellow%5DDocumentary%5B%2FB%5D%5B%2FI%5D%5B%2FCOLOR%5D&amp;fanart=https%3A%2F%2Fimages2.alphacoders.com%2F121%2F121150.jpg",return)</action>
	</shortcut>
	<shortcut>
		<defaultID />
		<label>Kids</label>
		<label2>Custom item</label2>
		<icon>DefaultShortcut.png</icon>
		<thumb />
		<action>ActivateWindow(Videos,"plugin://plugin.video.themagicdragon/?url=http%3A%2F%2Fsupremacy.org.uk%2Ftombraider%2Fdogsbollocks%2Fkidszone.txt&amp;mode=1&amp;name=%5BB%5D%5BI%5D%5BCOLORmagenta%5DKids%5B%2FB%5D%5B%2FI%5D%5B%2FCOLOR%5D&amp;fanart=https%3A%2F%2Fimages2.alphacoders.com%2F121%2F121150.jpg",return)</action>
	</shortcut>
	<shortcut>
		<defaultID />
		<label>Music</label>
		<label2>Custom item</label2>
		<icon>DefaultShortcut.png</icon>
		<thumb />
		<action>ActivateWindow(Videos,"plugin://plugin.video.themagicdragon/?url=http%3A%2F%2Fsupremacy.org.uk%2Ftombraider%2Fdogsbollocks%2Fmusic.txt&amp;mode=1&amp;name=%5BB%5D%5BI%5D%5BCOLORroyalblue%5DMusic%5B%2FB%5D%5B%2FI%5D%5B%2FCOLOR%5D&amp;fanart=https%3A%2F%2Fimages2.alphacoders.com%2F121%2F121150.jpg",return)</action>
	</shortcut>
	<shortcut>
		<defaultID />
		<label>Radio</label>
		<label2>Custom item</label2>
		<icon>DefaultShortcut.png</icon>
		<thumb />
		<action>ActivateWindow(Videos,"plugin://plugin.video.themagicdragon/?url=http%3A%2F%2Fsupremacy.org.uk%2Ftombraider%2Fdogsbollocks%2Fradio.txt&amp;mode=1&amp;name=%5BB%5D%5BI%5D%5BCOLORyellow%5DRadio%5B%2FB%5D%5B%2FI%5D%5B%2FCOLOR%5D&amp;fanart=https%3A%2F%2Fimages2.alphacoders.com%2F121%2F121150.jpg",return)</action>
	</shortcut>
	<shortcut>
		<defaultID />
		<label>Sports</label>
		<label2>Custom item</label2>
		<icon>DefaultShortcut.png</icon>
		<thumb />
		<action>ActivateWindow(Videos,"plugin://plugin.video.themagicdragon/?url=http%3A%2F%2Fsupremacy.org.uk%2Ftombraider%2Fdogsbollocks%2Fsport.txt&amp;mode=1&amp;name=%5BB%5D%5BI%5D%5BCOLORyellowgreen%5DSport%5B%2FB%5D%5B%2FI%5D%5B%2FCOLOR%5D&amp;fanart=https%3A%2F%2Fimages2.alphacoders.com%2F121%2F121150.jpg",return)</action>
	</shortcut>
	<shortcut>
		<defaultID />
		<label>TV/Entertainment</label>
		<label2>Custom item</label2>
		<icon>DefaultShortcut.png</icon>
		<thumb />
		<action>ActivateWindow(Videos,"plugin://plugin.video.themagicdragon/?url=http%3A%2F%2Fsupremacy.org.uk%2Ftombraider%2Fdogsbollocks%2Ftventertainment.txt&amp;mode=1&amp;name=%5BB%5D%5BI%5D%5BCOLORwhite%5DTV%2FEntertainment%5B%2FB%5D%5B%2FI%5D%5B%2FCOLOR%5D&amp;fanart=https%3A%2F%2Fimages2.alphacoders.com%2F121%2F121150.jpg",return)</action>
	</shortcut>
</shortcuts>
